Entiteit,Veld,Label,Omschrijving,Datatype,Reden_Privacy_Attentie,Epidemiologische surveillance,Kwaliteit van zorg,Bestuurlijke advisering,Operationele bijsturing,Wetenschappelijk onderzoek,Nader te bepalen
context.circumstances,schemaVersion,Versie,Versienummer van de entiteit,int,,Versiebeheer,Versiebeheer,Versiebeheer,Versiebeheer,Versiebeheer,
context.circumstances,isUsingPPE,PBM gebruikt,Werden tijdens het contact persoonlijke beschemingsmiddelen gebruikt?,\MinVWS\DBCO\Enum\Models\YesNoUnknown,,Impact maatregelen,Impact maatregelen,Impact maatregelen,Impact maatregelen,Impact maatregelen,
context.circumstances,ppeType,Gebruikte PBM,Opsomming van gebruikte persoonlijke beschermingsmiddelen,string,,Impact maatregelen,Impact maatregelen,Impact maatregelen,Impact maatregelen,Impact maatregelen,
context.circumstances,usedPersonalProtectiveEquipment,Persoonlijke beschermingsmiddelen gebruikt,Welk type medisch mondkapje is gebruikt?,array<\MinVWS\DBCO\Enum\Models\PersonalProtectiveEquipment>,,Impact maatregelen,Impact maatregelen,Impact maatregelen,Impact maatregelen,Impact maatregelen,
context.circumstances,ppeReplaceFrequency,PBM vervangingsfrequentie,Hoe vaak en wanneer worden de persoonlijke beschermingsmiddelen gewisseld?,string,,Impact maatregelen,Impact maatregelen,Impact maatregelen,Impact maatregelen,Impact maatregelen,
context.circumstances,ppeMedicallyCompetent,Drager PBM medisch bekwaam,Is de drager van de persoonlijke beschermingsmiddelen medisch bekwaam?,bool,,Impact maatregelen,Impact maatregelen,Impact maatregelen,Impact maatregelen,Impact maatregelen,
context.circumstances,covidMeasures,Covid maatregelen,Covidmaatregelen die ten tijden van het bezoek op de locatie werden toegepast,array<\MinVWS\DBCO\Enum\Models\CovidMeasure>,,Impact maatregelen,Impact maatregelen,Impact maatregelen,Impact maatregelen,Impact maatregelen,
context.circumstances,otherCovidMeasures,Andere covid maatregelen,Andere maatregelen dan de een van de voorgedefinieerde waardes,array<string>,,Impact maatregelen,Impact maatregelen,Impact maatregelen,Impact maatregelen,Impact maatregelen,
context.circumstances,causeForConcern,Zorgen over locatie,Er bestaan zorgen over de situatie op locatie,\MinVWS\DBCO\Enum\Models\YesNoUnknown,,Impact maatregelen,Impact maatregelen,Impact maatregelen,Impact maatregelen,Impact maatregelen,
context.circumstances,causeForConcernRemark,Toelichting zorgen,Beschrijving van de zorgen over de situatie op de locatie,string,,Impact maatregelen,Impact maatregelen,Impact maatregelen,Impact maatregelen,Impact maatregelen,
context.circumstances,sharedTransportation,Gezamelijk vervoer,Is er gezamelijk vervoer naar de (werk)plaats?,bool,,Impact maatregelen,Impact maatregelen,Impact maatregelen,Impact maatregelen,Impact maatregelen,
context.contact,schemaVersion,Versie,Versienummer van de entiteit,int,,Versiebeheer,Versiebeheer,Versiebeheer,Versiebeheer,Versiebeheer,
context.contact,firstname,Voornaam,Voornaam van de vertegenwoordiger van de locatie,string,Bevatten niet openbare contactgegevens,,Opvolging,,,,
context.contact,lastname,Achternaam,Achternaam van de vertegenwoordiger van de locatie,string,Bevatten niet openbare contactgegevens,,Opvolging,,,,
context.contact,phone,Telefoonnummer,Telefoonnummer van de vertegenwoordiger van de locatie,string,Bevatten niet openbare contactgegevens,,Opvolging,,,,
context.contact,isInformed,Is geinformeerd,Is de werkgever / locatie al geÃ¯nformeerd?,bool,Bevatten niet openbare contactgegevens,,Opvolging,,,,
context.contact,notificationConsent,Toestemming te informeren,De GGD mag contact opnemen met locatie,\MinVWS\DBCO\Enum\Models\YesNoUnknown,Bevatten niet openbare contactgegevens,,Opvolging,,,,
context.contact,notificationNamedConsent,Toestemming noemen naam index,Mag de naam van de index genoemd worden bij het contact opnemen?,bool,Bevatten niet openbare contactgegevens,,Opvolging,,,,
context.general,schemaVersion,Versie,Versienummer van de entiteit,int,,Versiebeheer,Versiebeheer,Versiebeheer,Versiebeheer,Versiebeheer,
context.general,label,Naam,Naam van de locatie (placeholder zolang nog geen locatie gekoppeld),string,,Transmissiepatroon,Transmissiepatroon,Transmissiepatroon,Transmissiepatroon,Transmissiepatroon,
context.general,relationship,Relatie tot context,Beschrijft de relatie van de index tot de bezochte context,\MinVWS\DBCO\Enum\Models\ContextRelationship,,Transmissiepatroon,Transmissiepatroon,Transmissiepatroon,Transmissiepatroon,Transmissiepatroon,
context.general,otherRelationship,Andere relatie,Andere relatie dan een van de voorgedefinieerde waardes,string,,Transmissiepatroon,Transmissiepatroon,Transmissiepatroon,Transmissiepatroon,Transmissiepatroon,
context.general,remarks,Notitie,"Notitieveld waar BCO-er tijdens telefoongesprek bijzonderheden over de context kan vastleggen, nog voordat een locatie gekoppeld is",string,,Transmissiepatroon,Transmissiepatroon,Transmissiepatroon,Transmissiepatroon,Transmissiepatroon,
context.general,note,Verdiepende vragen,Antwoorden op verdiepende vragen over het bezoek aan deze context,string,,Transmissiepatroon,Transmissiepatroon,Transmissiepatroon,Transmissiepatroon,Transmissiepatroon,
context.general,isSource,Waarschijnlijke bron,Geeft aan of de context volgens de index een waarschijnlijke plek is waar besmetting is opgelopen,bool,,Transmissiepatroon,Transmissiepatroon,Transmissiepatroon,Transmissiepatroon,Transmissiepatroon,
context.general,moments,Bezocht op,Gestructuurd veld met momenten (datums en tijden) waarop de index de context heeft bezocht,array<\App\Models\Versions\Context\Moment\MomentV1>,,Relatie,Relatie,Relatie,Relatie,Relatie,
context.moment,schemaVersion,,,int,,Versiebeheer,Versiebeheer,Versiebeheer,Versiebeheer,Versiebeheer,
context.moment,day,,,\DateTimeInterface,,Transmissiepatroon,Transmissiepatroon,Impact maatregelen,Transmissiepatroon,Transmissiepatroon,
context.moment,startTime,,,string,,Transmissiepatroon,Transmissiepatroon,Impact maatregelen,Transmissiepatroon,Transmissiepatroon,
context.moment,endTime,,,string,,Transmissiepatroon,Transmissiepatroon,Impact maatregelen,Transmissiepatroon,Transmissiepatroon,
context.moment,source,,,bool,,Transmissiepatroon,Transmissiepatroon,Impact maatregelen,Transmissiepatroon,Transmissiepatroon,
context.moment,formatted,,,string,,Transmissiepatroon,Transmissiepatroon,Impact maatregelen,Transmissiepatroon,Transmissiepatroon,
covidCase.abroad,schemaVersion,Versie,Versienummer van de entiteit,int,,Versiebeheer,Versiebeheer,Versiebeheer,Versiebeheer,Versiebeheer,
covidCase.abroad,wasAbroad,Index is in de 14 dagen voor EZD in het buitenland geweest,Index is in de 14 dagen voor EZD in het buitenland geweest,\MinVWS\DBCO\Enum\Models\YesNoUnknown,,Interpretatie epicurve,Opvolging,Doelgroepen,Volledigheid,Interpretatie epicurve,
covidCase.abroad,trips,Buitenlandse reizen in periode 14 dagen voor EZD,repeatable van type covidCase.trip,array<\App\Models\Versions\CovidCase\Trip\TripV1>,,Interpretatie epicurve,Opvolging,Doelgroepen,Volledigheid,Interpretatie epicurve,
covidCase.alternateContact,schemaVersion,Versie,Versienummer van de entiteit,int,,Versiebeheer,Versiebeheer,Versiebeheer,Versiebeheer,Versiebeheer,
covidCase.alternateContact,hasAlternateContact,Alternatief contactpersoon,BCO-gesprek is met een ander persoon dan de index,\MinVWS\DBCO\Enum\Models\YesNoUnknown,Persoonsgegevens,,Opvolging,,,,
covidCase.alternateContact,gender,Geslacht,Geslacht van de vertegenwoordiger van de index,\MinVWS\DBCO\Enum\Models\Gender,Persoonsgegevens,,Opvolging,,,,
covidCase.alternateContact,relationship,Relatie tot index,Relatie van vertegenwoordiger tot index,\MinVWS\DBCO\Enum\Models\Relationship,Persoonsgegevens,,Opvolging,,,,
covidCase.alternateContact,firstname,Voornaam,Voornaam vertegenwoordiger,string,Persoonsgegevens,,Opvolging,,,,
covidCase.alternateContact,lastname,Achternaam,Achternaam vertegenwoordiger,string,Persoonsgegevens,,Opvolging,,,,
covidCase.alternateContact,phone,Telefoonnummer,Telefoonnummer vertegenwoordiger,string,Persoonsgegevens,,Opvolging,,,,
covidCase.alternateContact,email,E-mailadres,E-mailadres vertegenwoordiger,string,Persoonsgegevens,,Opvolging,,,,
covidCase.alternateContact,isDefaultContact,Vertegenwoordiger,Deze persoon is ook bij toekomstig contact met de GGD de vertegenwoordiger,bool,Persoonsgegevens,,Opvolging,,,,
covidCase.alternateResidency,schemaVersion,Versie,Versienummer van de entiteit,int,,Versiebeheer,Versiebeheer,Versiebeheer,Versiebeheer,Versiebeheer,
covidCase.alternateResidency,hasAlternateResidency,Heeft ander verblijfadres,Index bevindt zich op een ander adres dan thuis,\MinVWS\DBCO\Enum\Models\YesNoUnknown,Persoonsgegevens,Lokaal verloop,Opvolging,Lokaal verloop,,Lokaal verloop,
covidCase.alternateResidency,address,Verblijfadres van de index,Gestructureerd dataveld van type shared.address,\App\Models\Versions\Shared\Address\AddressV1,Persoonsgegevens,Relatie,Relatie,Relatie,Relatie,Relatie,
covidCase.alternateResidency,remark,Toelichting verblijfadres,Toelichting op het alternatieve verblijfadres van de index,string,Persoonsgegevens,Lokaal verloop,Opvolging,Lokaal verloop,,Lokaal verloop,
covidCase.alternativeLanguage,schemaVersion,Versie,Versienummer van de entiteit,int,,Versiebeheer,Versiebeheer,Versiebeheer,Versiebeheer,Versiebeheer,
covidCase.alternativeLanguage,useAlternativeLanguage,Gebruik alternatieve taal,Index of de vertegenwoordiger communiceert liever in een andere taal dan Nederlands,\MinVWS\DBCO\Enum\Models\YesNoUnknown,,,,,,,byHealthAuthorities
covidCase.alternativeLanguage,emailLanguage,Taal e-mails,Voorkeurstaal e-mails GGD,\MinVWS\DBCO\Enum\Models\EmailLanguage,,,,,,,byHealthAuthorities
covidCase.alternativeLanguage,phoneLanguages,Taal telefonisch contact,Voorkeurstaal telefonisch contact met GGD,array<\MinVWS\DBCO\Enum\Models\Language>,,,,,,,byHealthAuthorities
covidCase.communication,schemaVersion,Versie,Versienummer van de entiteit,int,,Versiebeheer,Versiebeheer,Versiebeheer,Versiebeheer,Versiebeheer,
covidCase.communication,conditionalAdviceGiven,Welke adviezen zijn gegeven?,Opsomming van gegeven adviezen,string,,,Volledigheid,,,,
covidCase.communication,otherAdviceGiven,Gegeven andere adviezen,Andere gegeven adviezen,string,,,Volledigheid,,,,
covidCase.communication,particularities,Bijzonderheden,Opmerkingen en bijzonderheden over het BCO-gesprek,string,,,Volledigheid,,,,
covidCase.communication,isolationAdviceGiven,Gegeven isolatieadvies,Isolatieadvies zoals gegeven aan index,array<\MinVWS\DBCO\Enum\Models\IsolationAdvice>,,,Volledigheid,,,,
covidCase.communication,isolationAdviceGiven,Gegeven isolatieadvies,Isolatieadvies zoals gegeven aan index,array<\MinVWS\DBCO\Enum\Models\IsolationAdvice>,,,Volledigheid,,,,
covidCase.contact,schemaVersion,Versie,Versienummer van de entiteit,int,,Versiebeheer,Versiebeheer,Versiebeheer,Versiebeheer,Versiebeheer,
covidCase.contact,phone,Telefoonnummer,Telefoonnummer van de index,string,,,Opvolging,,,,
covidCase.contact,email,E-mailadres,E-mailadres van de index,string,,,Opvolging,,,,
covidCase.contacts,schemaVersion,Versie,Versienummer van de entiteit,int,,Versiebeheer,Versiebeheer,Versiebeheer,Versiebeheer,Versiebeheer,
covidCase.contacts,shareNameWithContacts,Toestemming naam delen,Index heeft toestemming gegeven zijn/haar naam te delen met contacten die door de GGD worden geinformeerd,string,,Lokaal verloop,Volledigheid,,Volledigheid,Lokaal verloop,
covidCase.contacts,estimatedMissingContacts,,,\MinVWS\DBCO\Enum\Models\YesNoUnknown,,Lokaal verloop,Volledigheid,,Volledigheid,Lokaal verloop,
covidCase.contacts,estimatedCategory1Contacts,,,int,,Lokaal verloop,Volledigheid,,Volledigheid,Lokaal verloop,
covidCase.contacts,estimatedCategory2Contacts,,,int,,Lokaal verloop,Volledigheid,,Volledigheid,Lokaal verloop,
covidCase.contacts,estimatedCategory3Contacts,Hoeveel categorie 3 contacten had de index in totaal? (schatting),Schatting van het aantal categorie 3 contacten in de besmettelijke periode,int,,Lokaal verloop,Volledigheid,,Volledigheid,Lokaal verloop,
covidCase.deceased,schemaVersion,Versie,Versienummer van de entiteit,int,,Versiebeheer,Versiebeheer,Versiebeheer,Versiebeheer,Versiebeheer,
covidCase.deceased,isDeceased,Index is overleden,Is de index overleden?,\MinVWS\DBCO\Enum\Models\YesNoUnknown,Medische gegevens,Beschrijven epicurve,Opvolging,Lokaal verloop,,Beschrijven epicurve,
covidCase.deceased,deceasedAt,Datum overlijden,Datum van overlijden van de index,\DateTimeInterface,Medische gegevens,Beschrijven epicurve,Opvolging,Lokaal verloop,,Beschrijven epicurve,
covidCase.deceased,cause,Oorzaak overlijden,Oorzaak van het overlijden van de index,\MinVWS\DBCO\Enum\Models\CauseOfDeath,Medische gegevens,Beschrijven epicurve,Opvolging,Lokaal verloop,,Beschrijven epicurve,
covidCase.eduDayCare,schemaVersion,Versie,Versienummer van de entiteit,int,,Versiebeheer,Versiebeheer,Versiebeheer,Versiebeheer,Versiebeheer,
covidCase.eduDayCare,isStudent,Student/leerling,,\MinVWS\DBCO\Enum\Models\YesNoUnknown,,Doelgroepen,Monitoring,Doelgroepen,Uitsplitsingen,Doelgroepen,
covidCase.eduDayCare,type,Type opleiding,,\MinVWS\DBCO\Enum\Models\EduDaycareType,,Doelgroepen,Monitoring,Doelgroepen,Uitsplitsingen,Doelgroepen,
covidCase.extensiveContactTracing,schemaVersion,Versie,Versienummer van de entiteit,int,,Versiebeheer,Versiebeheer,Versiebeheer,Versiebeheer,Versiebeheer,
covidCase.extensiveContactTracing,reasons,Redenen,Redenen waarom uitgebreid BCO wordt gedaan,array<\MinVWS\DBCO\Enum\Models\ExtensiveContactTracingReason>,,,Monitoring,,Personeel,,
covidCase.extensiveContactTracing,notes,Toelichting,Verdere toelichting op keuze voor uitgebreid BCO,string,,,Monitoring,,Personeel,,
covidCase.extensiveContactTracing,receivesExtensiveContactTracing,Krijgt uitgebreid BCO,Krijgt de index in het kader van BCO op maat uitgebreid BCO,\MinVWS\DBCO\Enum\Models\YesNoUnknown,,,Monitoring,,Personeel,,
covidCase.extensiveContactTracing,receivesExtensiveContactTracing,Krijgt uitgebreid BCO,Krijgt de index in het kader van BCO op maat uitgebreid BCO,\MinVWS\DBCO\Enum\Models\BCOType,,,Monitoring,,Personeel,,
covidCase.extensiveContactTracing,otherDescription,Toelichting Andere vorm BCO,Verdere toelichting op keuze voor andere vorm BCO,string,,,Monitoring,,Personeel,,
covidCase.general,schemaVersion,Versie,Versienummer van de entiteit,int,,Versiebeheer,Versiebeheer,Versiebeheer,Versiebeheer,Versiebeheer,
covidCase.general,source,Bron melding,(reserving voor koppeling met bronsystemen) Geeft aan via welk bronsysteem de case is binnengekomen,string,,Interpretatie epicurve,Doorlooptijd,Regionaal risico,Volledigheid,Interpretatie epicurve,
covidCase.general,reference,Extern referentienummer,HPZone nummer van de index,string,,Interpretatie epicurve,Doorlooptijd,Regionaal risico,Volledigheid,Interpretatie epicurve,
covidCase.general,hpzoneNumber,,,string,,Interpretatie epicurve,Doorlooptijd,Regionaal risico,Volledigheid,Interpretatie epicurve,
covidCase.general,notes,Notities,Algemene gespreksnotities,string,,Interpretatie epicurve,Doorlooptijd,Regionaal risico,Volledigheid,Interpretatie epicurve,
covidCase.general,organisation,Organisatie,Verantwoordelijke GGD organisatie,\App\Models\Organisation,,Interpretatie epicurve,Doorlooptijd,Regionaal risico,Volledigheid,Interpretatie epicurve,
covidCase.general,createdAt,Gemaakt op,Datum/tijd dat case is aangemaakt,\DateTimeInterface,,Interpretatie epicurve,Doorlooptijd,Regionaal risico,Volledigheid,Interpretatie epicurve,
covidCase.general,deletedAt,Verwijderd op,Datum/tijd dat case is verwijderd,\DateTimeInterface,,Interpretatie epicurve,Doorlooptijd,Regionaal risico,Volledigheid,Interpretatie epicurve,
covidCase.general,pairingAllowedUntil,Koppelen toegestaan tot,Datum/tijd tot wanneer de GGD Contact app gekoppeld kan worden,\DateTimeInterface,,Interpretatie epicurve,Doorlooptijd,Regionaal risico,Volledigheid,Interpretatie epicurve,
covidCase.general,isPairingAllowed,Koppelen app toegestaan,Is het koppelen van de GGD Contact app toegestaan voor deze case?,bool,,Interpretatie epicurve,Doorlooptijd,Regionaal risico,Volledigheid,Interpretatie epicurve,
covidCase.general,expiresAt,Vervalt op,Datum/tijd van laatste moment waarop de index via de app gegevens aan kan leveren,\DateTimeInterface,,Interpretatie epicurve,Doorlooptijd,Regionaal risico,Volledigheid,Interpretatie epicurve,
covidCase.general,askedAboutCoronaMelder,CoronaMelder gevraagd,Index is gevraagd naar gebruik CoronaMelder,bool,,Interpretatie epicurve,Doorlooptijd,Regionaal risico,Volledigheid,Interpretatie epicurve,
covidCase.generalPractitioner,schemaVersion,Versie,Versienummer van de entiteit,int,,Versiebeheer,Versiebeheer,Versiebeheer,Versiebeheer,Versiebeheer,
covidCase.generalPractitioner,name,Naam huisarts,Naam van de huisarts van de index,string,,,Opvolging,,,,
covidCase.generalPractitioner,practiceName,Naam praktijk,Naam van de praktijk van de huisarts van de index,string,,,Opvolging,,,,
covidCase.generalPractitioner,address,Adres huisarts,Gestructureerd dataveld van type shared.address,\App\Models\Versions\CovidCase\GeneralPractitionerAddress\GeneralPractitionerAddressV1,,Relatie,Relatie,Relatie,Relatie,Relatie,
covidCase.generalPractitioner,hasInfectionNotificationConsent,Toestemming contact huisarts,Mogen we de huisarts zo nodig benaderen voor medisch overleg of informeren over de besmetting met COVID-19?,bool,,,Opvolging,,,,
covidCase.generalPractitionerAddress,schemaVersion,Versie,Versienummer van de entiteit,int,,Versiebeheer,Versiebeheer,Versiebeheer,Versiebeheer,Versiebeheer,
covidCase.generalPractitionerAddress,postalCode,Postcode,Postcode van de huisarts,string,"Gegevens zijn openbaar, maar meestal niet relevant.",,Opvolging,,,,
covidCase.generalPractitionerAddress,houseNumber,Huisnummer,Huisnummer van de huisarts,string,"Gegevens zijn openbaar, maar meestal niet relevant.",,Opvolging,,,,
covidCase.generalPractitionerAddress,houseNumberSuffix,Huisnummertoevoeging,Huisnummertoevoeging van de huisarts,string,"Gegevens zijn openbaar, maar meestal niet relevant.",,Opvolging,,,,
covidCase.generalPractitionerAddress,street,Straatnaam,Straatnaam van de huisarts,string,"Gegevens zijn openbaar, maar meestal niet relevant.",,Opvolging,,,,
covidCase.generalPractitionerAddress,town,Plaatsnaam,Plaatsnaam van de huisarts,string,"Gegevens zijn openbaar, maar meestal niet relevant.",,Opvolging,,,,
covidCase.groupTransport,schemaVersion,Versie,Versienummer van de entiteit,int,,Versiebeheer,Versiebeheer,Versiebeheer,Versiebeheer,Versiebeheer,
covidCase.groupTransport,withReservedSeats,Met gereserveerde stoelen,Vliegreis of groepsvervoer met gereserveerde stoelen in besmettelijke periode,\MinVWS\DBCO\Enum\Models\YesNoUnknown,,,Monitoring,,,,
covidCase.hospital,schemaVersion,Versie,Versienummer van de entiteit,int,,Versiebeheer,Versiebeheer,Versiebeheer,Versiebeheer,Versiebeheer,
covidCase.hospital,isAdmitted,Is opgenomen,Index is in het ziekenhuis opgenomen,\MinVWS\DBCO\Enum\Models\YesNoUnknown,,Beschrijven epicurve,Monitoring,Lokaal verloop,Volledigheid,Beschrijven epicurve,
covidCase.hospital,name,Naam,Naam van het ziekenhuis,string,,Beschrijven epicurve,Monitoring,Lokaal verloop,Volledigheid,Beschrijven epicurve,
covidCase.hospital,location,Locatie,Locatie (vestiging) van het ziekenhuis,string,,Beschrijven epicurve,Monitoring,Lokaal verloop,Volledigheid,Beschrijven epicurve,
covidCase.hospital,admittedAt,Opgenomen op,Datum eerste ziekenhuisopname,\DateTimeInterface,,Beschrijven epicurve,Monitoring,Lokaal verloop,Volledigheid,Beschrijven epicurve,
covidCase.hospital,releasedAt,Ontslagen op,Datum ontslag (als van toepassing),\DateTimeInterface,,Beschrijven epicurve,Monitoring,Lokaal verloop,Volledigheid,Beschrijven epicurve,
covidCase.hospital,reason,Reden,Reden van ziekenhuisopname,\MinVWS\DBCO\Enum\Models\HospitalReason,,Beschrijven epicurve,Monitoring,Lokaal verloop,Volledigheid,Beschrijven epicurve,
covidCase.hospital,hasGivenPermission,Toestemming gegeven,Index heeft toestemming gegeven voor overleg met behandelaar,\MinVWS\DBCO\Enum\Models\YesNoUnknown,,Beschrijven epicurve,Monitoring,Lokaal verloop,Volledigheid,Beschrijven epicurve,
covidCase.hospital,practitioner,Behandelaar,Naam behandelaar (indien bekend),string,,Beschrijven epicurve,Monitoring,Lokaal verloop,Volledigheid,Beschrijven epicurve,
covidCase.hospital,practitionerPhone,Telefoonnummer behandelaar,Telefoonnummer behandelaar (indien bekend),string,,Beschrijven epicurve,Monitoring,Lokaal verloop,Volledigheid,Beschrijven epicurve,
covidCase.hospital,isInICU,ligt op IC,Index is op de intensive care opgenomen,\MinVWS\DBCO\Enum\Models\YesNoUnknown,,Beschrijven epicurve,Monitoring,Lokaal verloop,Volledigheid,Beschrijven epicurve,
covidCase.hospital,admittedInICUAt,Opgenomen IC op,Datum opname intensive care,\DateTimeInterface,,Beschrijven epicurve,Monitoring,Lokaal verloop,Volledigheid,Beschrijven epicurve,
covidCase.housemates,schemaVersion,Versie,Versienummer van de entiteit,int,,Versiebeheer,Versiebeheer,Versiebeheer,Versiebeheer,Versiebeheer,
covidCase.housemates,hasHouseMates,Heeft huisgenoten,Heeft de index huisgenoten?,\MinVWS\DBCO\Enum\Models\YesNoUnknown,,Thuisbesmettingen,Opvolging,Doelgroepen,Volledigheid,Thuisbesmettingen,
covidCase.housemates,hasOwnFacilities,Heeft eigen badkamer,Heeft de index een eigen badkamer?,bool,,Thuisbesmettingen,Opvolging,Doelgroepen,Volledigheid,Thuisbesmettingen,
covidCase.housemates,hasOwnKitchen,Heeft eigen keuken,Heeft de index een eigen keuken?,bool,,Thuisbesmettingen,Opvolging,Doelgroepen,Volledigheid,Thuisbesmettingen,
covidCase.housemates,hasOwnBedroom,Heeft eigen slaapkamer,Kan de index apart slapen van andere huisgenoten?,bool,,Thuisbesmettingen,Opvolging,Doelgroepen,Volledigheid,Thuisbesmettingen,
covidCase.housemates,hasOwnRestroom,Heeft eigen toilet,Heeft de index een eigen toilet?,bool,,Thuisbesmettingen,Opvolging,Doelgroepen,Volledigheid,Thuisbesmettingen,
covidCase.housemates,canStrictlyIsolate,Kan in strikte thuisisolatie,Index heeft mogelijkheid tot strikte isolatie thuis,bool,,Thuisbesmettingen,Opvolging,Doelgroepen,Volledigheid,Thuisbesmettingen,
covidCase.housemates,bottlenecks,Knelpunten,Welke knelpunten voorziet de index?,string,,Thuisbesmettingen,Opvolging,Doelgroepen,Volledigheid,Thuisbesmettingen,
covidCase.immunity,schemaVersion,Versie,Versienummer van de entiteit,int,,Versiebeheer,Versiebeheer,Versiebeheer,Versiebeheer,Versiebeheer,
covidCase.immunity,isImmune,Is immuun,Is de index immuun?,\MinVWS\DBCO\Enum\Models\YesNoUnknown,Medische gegevens,Beschrijven epicurve,Monitoring,Impact maatregelen,Uitsplitsingen,Beschrijven epicurve,
covidCase.immunity,remarks,Toelichting (optioneel),Onderbouwing van de immuunstatus van de index,string,Medische gegevens,Beschrijven epicurve,Monitoring,Impact maatregelen,Uitsplitsingen,Beschrijven epicurve,
covidCase.index,schemaVersion,Versie,Versienummer van de entiteit,int,,Versiebeheer,Versiebeheer,Versiebeheer,Versiebeheer,Versiebeheer,
covidCase.index,firstname,Voornaam,Voornaam van de index,string,Persoonsgegevens,,Opvolging,,,,
covidCase.index,lastname,Achternaam,Achternaam van de index,string,Persoonsgegevens,,Opvolging,,,,
covidCase.index,bsnNotes,Identificatie notities,Notities voor geval index geen BSN heeft,string,Persoonsgegevens,,Opvolging,,,,
covidCase.index,dateOfBirth,Geboortedatum,Geboortedatum van de index,\DateTimeInterface,Persoonsgegevens,Leeftijdsgroepen,Opvolging,Leeftijdsgroepen,Capaciteit,Leeftijdsgroepen,
covidCase.index,gender,Geslacht,Geslacht van de index (bij geboorte),\MinVWS\DBCO\Enum\Models\Gender,Persoonsgegevens,Doelgroepen,Opvolging,Doelgroepen,Uitsplitsingen,Doelgroepen,
covidCase.index,address,Ingeschreven op adres,Gestructureerd dataveld van type shared.address,\App\Models\Versions\CovidCase\IndexAddress\IndexAddressV1,,Relatie,Relatie,Relatie,Relatie,Relatie,
covidCase.index,bsnCensored,Laatste drie cijfers BSN,"Laatste drie cijfers van het BSN van de index, te gebruiken voor verificatie van de identiteit van de index",string,Persoonsgegevens,,Opvolging,,,,
covidCase.index,bsnLetters,Initialen,Eerste letter voornaam en eerste letter achternaam zoals ontvangen van SVB-Z,string,Persoonsgegevens,,Opvolging,,,,
covidCase.index,hasNoBsnOrAddress,Geen BSN of adres,Index heeft geen BSN of adres,bool,,Doelgroepen,Volledigheid,,,Doelgroepen,
covidCase.indexAddress,schemaVersion,Versie,Versienummer van de entiteit,int,,Versiebeheer,Versiebeheer,Versiebeheer,Versiebeheer,Versiebeheer,
covidCase.indexAddress,postalCode,Postcode,,string,Let op aggregatieniveau. Gebruik bij voorkeur PC3 of PC4 als dat voldoende is voor het doel.,Lokaal verloop,Opvolging,Lokaal verloop,Uitsplitsingen,Lokaal verloop,
covidCase.indexAddress,houseNumber,Huisnummer,,string,Herleidbaar naar een persoon.,,Opvolging,,,,
covidCase.indexAddress,houseNumberSuffix,Toevoeging,,string,Herleidbaar naar een persoon.,,Opvolging,,,,
covidCase.indexAddress,street,Straatnaam,,string,Herleidbaar naar een persoon.,,Opvolging,,,,
covidCase.indexAddress,town,Plaats,,string,,Lokaal verloop,Opvolging,,,Lokaal verloop,
covidCase.job,schemaVersion,Versie,Versienummer van de entiteit,int,,Versiebeheer,Versiebeheer,Versiebeheer,Versiebeheer,Versiebeheer,
covidCase.job,wasAtJob,Heeft gewerkt,Index heeft in de 2 weken voor EZD gewerkt (andere locatie dan thuis),\MinVWS\DBCO\Enum\Models\YesNoUnknown,,Beroepsgroepen,Opvolging,Beroepsgroepen,Volledigheid,Beroepsgroepen,
covidCase.job,sectors,Sectoren,Sector werk,array<\MinVWS\DBCO\Enum\Models\JobSector>,,Beroepsgroepen,Opvolging,Beroepsgroepen,Volledigheid,Beroepsgroepen,
covidCase.job,professionCare,Zorgberoep,Wat is het beroep van de index?,\MinVWS\DBCO\Enum\Models\ProfessionCare,,Beroepsgroepen,Opvolging,Beroepsgroepen,Volledigheid,Beroepsgroepen,
covidCase.job,closeContactAtJob,Contactberoep,"Index heeft tijdens werk contact met anderen binnen 1,5 meter afstand",\MinVWS\DBCO\Enum\Models\YesNoUnknown,,Beroepsgroepen,Opvolging,Beroepsgroepen,Volledigheid,Beroepsgroepen,
covidCase.job,professionOther,Ander beroep,Wat is het beroep van de index?,\MinVWS\DBCO\Enum\Models\ProfessionOther,,Beroepsgroepen,Opvolging,Beroepsgroepen,Volledigheid,Beroepsgroepen,
covidCase.job,otherProfession,,"Anders, namelijk",string,,Beroepsgroepen,Opvolging,Beroepsgroepen,Volledigheid,Beroepsgroepen,
covidCase.job,particularities,Bijzonderheden,COVID-19 bijzonderheden over de werksituatie,string,,Beroepsgroepen,Opvolging,Beroepsgroepen,Volledigheid,Beroepsgroepen,
covidCase.medication,schemaVersion,Versie,Versienummer van de entiteit,int,,Versiebeheer,Versiebeheer,Versiebeheer,Versiebeheer,Versiebeheer,
covidCase.medication,hasMedication,Gebruikt medicijnen,Index gebruikt medicijnen,\MinVWS\DBCO\Enum\Models\YesNoUnknown,Medische gegevens,Doelgroepen,Opvolging,Doelgroepen,Uitsplitsingen,Doelgroepen,
covidCase.medication,isImmunoCompromised,Heeft verminderde afweer,Heeft de index een verminderde afweer?,\MinVWS\DBCO\Enum\Models\YesNoUnknown,Medische gegevens,Doelgroepen,Opvolging,Doelgroepen,Uitsplitsingen,Doelgroepen,
covidCase.medication,immunoCompromisedRemarks,Toelichting verminderde afweer,Toelichting verminderde afweer,string,Medische gegevens,Doelgroepen,Opvolging,Doelgroepen,Uitsplitsingen,Doelgroepen,
covidCase.medication,hasGivenPermission,Toestemming contact behandelend arts,Index heeft toestemming gegeven voor overleg met behandelend arts,\MinVWS\DBCO\Enum\Models\YesNoUnknown,Medische gegevens,Doelgroepen,Opvolging,Doelgroepen,Uitsplitsingen,Doelgroepen,
covidCase.medication,practitioner,Behandelend arts,Naam behandelend arts (indien bekend),string,Medische gegevens,Doelgroepen,Opvolging,Doelgroepen,Uitsplitsingen,Doelgroepen,
covidCase.medication,practitionerPhone,Telefoonnummer arts,Telefoonnummer behandelend arts (indien bekend),string,Medische gegevens,Doelgroepen,Opvolging,Doelgroepen,Uitsplitsingen,Doelgroepen,
covidCase.medication,hospitalName,Naam ziekenhuis,Behandelend ziekenhuis (indien bekend),string,Medische gegevens,Doelgroepen,Opvolging,Doelgroepen,Uitsplitsingen,Doelgroepen,
covidCase.medication,medicines,Medicijnen,repeatable van type covidCase.medicine,array<\App\Models\Versions\CovidCase\Medication\MedicineV1>,Medische gegevens,Doelgroepen,Opvolging,Doelgroepen,Uitsplitsingen,Doelgroepen,
covidCase.medicine,schemaVersion,Versie,Versienummer van de entiteit,int,,Versiebeheer,Versiebeheer,Versiebeheer,Versiebeheer,Versiebeheer,
covidCase.medicine,name,Naam,Naam van het medicijn,string,Medische gegevens,,Opvolging,,,,
covidCase.medicine,remark,Opmerkingen,Toelichting over het gebruikte medicijn,string,Medische gegevens,,Opvolging,,,,
covidCase.medicine,knownEffects,Afweerondrukkend,Toelichting waarin het afweeronderdrukkende effect van het medicijn wordt beschreven,string,Medische gegevens,,Opvolging,,,,
covidCase.pregnancy,schemaVersion,Versie,Versienummer van de entiteit,int,,Versiebeheer,Versiebeheer,Versiebeheer,Versiebeheer,Versiebeheer,
covidCase.pregnancy,isPregnant,Is zwanger,Index is zwanger,\MinVWS\DBCO\Enum\Models\YesNoUnknown,Medische gegevens,Doelgroepen,Monitoring,Doelgroepen,Uitsplitsingen,Doelgroepen,
covidCase.pregnancy,dueDate,Uitgerekende datum,Uitgerekende datum van de index,\DateTimeInterface,Medische gegevens,Doelgroepen,Monitoring,Doelgroepen,Uitsplitsingen,Doelgroepen,
covidCase.principalContextualSettings,schemaVersion,VERVALLEN? (DBCO-2769),,int,,,,,,,
covidCase.principalContextualSettings,hasPrincipalContextualSettings,VERVALLEN? (DBCO-2769),,bool,,,,,,,byHealthAuthorities
covidCase.principalContextualSettings,items,VERVALLEN? (DBCO-2769),,array<string>,,,,,,,byHealthAuthorities
covidCase.principalContextualSettings,otherItems,VERVALLEN? (DBCO-2769),,array<string>,,,,,,,byHealthAuthorities
covidCase.recentBirth,schemaVersion,Versie,Versienummer van de entiteit,int,,Versiebeheer,Versiebeheer,Versiebeheer,Versiebeheer,Versiebeheer,
covidCase.recentBirth,hasRecentlyGivenBirth,Recent bevallen,Index is in de afgelopen 6 weken bevallen,\MinVWS\DBCO\Enum\Models\YesNoUnknown,Medische gegevens,Doelgroepen,Monitoring,Doelgroepen,,Doelgroepen,
covidCase.recentBirth,birthDate,Datum bevalling,Datum van bevalling van de index,\DateTimeInterface,Medische gegevens,Doelgroepen,Monitoring,Doelgroepen,,Doelgroepen,
covidCase.recentBirth,birthRemarks,Toelichting bevalling,Toelichting/bijzonderheden met betrekking tot de bevalling,string,Medische gegevens,Doelgroepen,Monitoring,Doelgroepen,,Doelgroepen,
covidCase.riskLocation,schemaVersion,Versie,Versienummer van de entiteit,int,,Versiebeheer,Versiebeheer,Versiebeheer,Versiebeheer,Versiebeheer,
covidCase.riskLocation,isLivingAtRiskLocation,Woont op risicolocatie,"Index woont in een instelling, asielzoekerscentrum of op een andere plek waar het virus zich snel kan verspreiden",\MinVWS\DBCO\Enum\Models\YesNoUnknown,,Locaties,Monitoring,,,Locaties,
covidCase.riskLocation,type,Type instelling,Type risicolocatie,\MinVWS\DBCO\Enum\Models\RiskLocationType,,Locaties,Monitoring,,,Locaties,
covidCase.riskLocation,otherType,"Anders, namelijk",Andere risicolocatie dan de ingestelde standaardwaardes,string,,Locaties,Monitoring,,,Locaties,
covidCase.sourceEnvironments,schemaVersion,Versie,Versienummer van de entiteit,int,,Versiebeheer,Versiebeheer,Versiebeheer,Versiebeheer,Versiebeheer,
covidCase.sourceEnvironments,hasLikelySourceEnvironments,Heeft waarschijnlijk broncontext,Is er een waarschijnlijke broncontext,\MinVWS\DBCO\Enum\Models\YesNoUnknown,,Hotspots,Monitoring,,Volledigheid,Hotspots,
covidCase.sourceEnvironments,likelySourceEnvironments,Waarschijnlijke broncontext,Settings die vaak geen context zijn,array<\MinVWS\DBCO\Enum\Models\ContextCategory>,,Hotspots,Monitoring,,Volledigheid,Hotspots,
covidCase.symptoms,schemaVersion,Versie,Versienummer van de entiteit,int,,Versiebeheer,Versiebeheer,Versiebeheer,Versiebeheer,Versiebeheer,
covidCase.symptoms,hasSymptoms,Heeft symptomen,Heeft de index klachten die passen bij COVID-19?,\MinVWS\DBCO\Enum\Models\YesNoUnknown,Medische gegevens,Klachten,Monitoring,Lokaal verloop,,Klachten,
covidCase.symptoms,symptoms,Symptomen,Lijst met klachten die index heeft,array<\MinVWS\DBCO\Enum\Models\Symptom>,Medische gegevens,Klachten,Monitoring,Lokaal verloop,,Klachten,
covidCase.symptoms,otherSymptoms,"Anders, namelijk",Ander symptoom dan de toegestane standaardwaardes,array<string>,Medische gegevens,Klachten,Monitoring,Lokaal verloop,,Klachten,
covidCase.symptoms,wasSymptomaticAtTimeOfCall,Klachten nog aanwezig tijdens BCO,Zijn de klachten nu nog aanwezig?,\MinVWS\DBCO\Enum\Models\YesNoUnknown,Medische gegevens,Klachten,Monitoring,Lokaal verloop,,Klachten,
covidCase.symptoms,stillHadSymptomsAt,Heeft nog symptomen,,\DateTimeInterface,Medische gegevens,Klachten,Monitoring,Lokaal verloop,,Klachten,
covidCase.symptoms,diseaseCourse,Ziekteverloop,Toelichting op het ziekteverloop,string,Medische gegevens,Klachten,Monitoring,Lokaal verloop,,Klachten,
covidCase.test,schemaVersion,Versie,Versienummer van de entiteit,int,,Versiebeheer,Versiebeheer,Versiebeheer,Versiebeheer,Versiebeheer,
covidCase.test,dateOfSymptomOnset,Eerste ziektedag (EZD),Datum waarop COVID-19 symptomen begonnen,\DateTimeInterface,Medische gegevens,Interpretatie epicurve,Monitoring,Lokaal verloop,Tijdigheid,Interpretatie epicurve,
covidCase.test,isSymptomOnsetEstimated,EZD is een geschatte datum,De eerste ziektedag is een geschatte datum,bool,Medische gegevens,Interpretatie epicurve,Monitoring,Lokaal verloop,Tijdigheid,Interpretatie epicurve,
covidCase.test,dateOfTest,Testdatum,Datum waarop COVID-19 met een test werd vastgesteld,\DateTimeInterface,Medische gegevens,Interpretatie epicurve,Monitoring,Lokaal verloop,Tijdigheid,Interpretatie epicurve,
covidCase.test,dateOfResult,Resultaatdatum,"(reservering, nog niet in gebruik) Datum waarop het testresultaat bij de GGD binnenkwam",\DateTimeInterface,Medische gegevens,Interpretatie epicurve,Monitoring,Lokaal verloop,Tijdigheid,Interpretatie epicurve,
covidCase.test,dateOfInfectiousnessStart,Eerste besmettelijke dag,Vastgestelde eerste besmettelijke dag,\DateTimeInterface,Medische gegevens,Interpretatie epicurve,Monitoring,Lokaal verloop,Tijdigheid,Interpretatie epicurve,
covidCase.test,otherReason,"Anders, namelijk",Andere reden van testen dan de toegestane standaardwaardes,string,Medische gegevens,Interpretatie epicurve,Monitoring,Lokaal verloop,Tijdigheid,Interpretatie epicurve,
covidCase.test,infectionIndicator,Infectie indicatie,Hoe is COVID-19 (als eerste) aangetoond?,\MinVWS\DBCO\Enum\Models\InfectionIndicator,Medische gegevens,Interpretatie epicurve,Monitoring,Lokaal verloop,Tijdigheid,Interpretatie epicurve,
covidCase.test,selfTestIndicator,Zelftest indicatie,Heeft de index vanwege de zelftest een bevestigingstest (laboratorium) gedaan?,\MinVWS\DBCO\Enum\Models\SelfTestIndicator,Medische gegevens,Interpretatie epicurve,Monitoring,Lokaal verloop,Tijdigheid,Interpretatie epicurve,
covidCase.test,labTestIndicator,Labtest indicatie,Welk type test is gebruikt?,\MinVWS\DBCO\Enum\Models\LabTestIndicator,Medische gegevens,Interpretatie epicurve,Monitoring,Lokaal verloop,Tijdigheid,Interpretatie epicurve,
covidCase.test,otherLabTestIndicator,"Anders, namelijk",Andere labtest dan de toegestane standaardwaardes,string,Medische gegevens,Interpretatie epicurve,Monitoring,Lokaal verloop,Tijdigheid,Interpretatie epicurve,
covidCase.test,monsterNumber,Monsternummer,"(reservering, nog niet in gebruik) Extern monsternummer horend bij het labresultaat",string,Medische gegevens,Interpretatie epicurve,Monitoring,Lokaal verloop,Tijdigheid,Interpretatie epicurve,
covidCase.test,selfTestLabTestDate,Datum labbevestigingstest,(Geplande) datum labaratoriumtest (als bekend),\DateTimeInterface,Medische gegevens,Interpretatie epicurve,Monitoring,Lokaal verloop,Tijdigheid,Interpretatie epicurve,
covidCase.test,selfTestLabTestResult,uitslag labbevestigingstest,Wat was de uitslag van deze bevestigingstest?,\MinVWS\DBCO\Enum\Models\TestResult,Medische gegevens,Interpretatie epicurve,Monitoring,Lokaal verloop,Tijdigheid,Interpretatie epicurve,
covidCase.test,isReinfection,Is herinfectie,Is de index eerder besmet geweest?,\MinVWS\DBCO\Enum\Models\YesNoUnknown,Medische gegevens,Interpretatie epicurve,Monitoring,Lokaal verloop,Tijdigheid,Interpretatie epicurve,
covidCase.test,previousInfectionDateOfSymptom,EZD vorige infectie,EZD vorige besmetting (testdatum als index asymptomatisch was),\DateTimeInterface,Medische gegevens,Interpretatie epicurve,Monitoring,Lokaal verloop,Tijdigheid,Interpretatie epicurve,
covidCase.test,previousInfectionSymptomFree,Klachtenvrij sinds vorige infectie,Is de index in de tussentijd klachtenvrij geweest?,bool,Medische gegevens,Interpretatie epicurve,Monitoring,Lokaal verloop,Tijdigheid,Interpretatie epicurve,
covidCase.test,previousInfectionProven,Vorige infectie bewezen,Is de eerdere besmetting bewezen met een test?,\MinVWS\DBCO\Enum\Models\YesNoUnknown,Medische gegevens,Interpretatie epicurve,Monitoring,Lokaal verloop,Tijdigheid,Interpretatie epicurve,
covidCase.test,contactOfConfirmedInfection,Contact van bevestigde andere index,Was de index destijds een categorie 1 of 2 contact van een persoon met een bevestigde besmetting?,bool,Medische gegevens,Interpretatie epicurve,Monitoring,Lokaal verloop,Tijdigheid,Interpretatie epicurve,
covidCase.test,previousInfectionReported,Vorige infectie gemeld,Is de eerdere besmetting destijds bij de GGD gemeld?,\MinVWS\DBCO\Enum\Models\YesNoUnknown,Medische gegevens,Interpretatie epicurve,Monitoring,Lokaal verloop,Tijdigheid,Interpretatie epicurve,
covidCase.test,previousInfectionHpzoneNumber,HPZone-nummer vorige besmetting,HPZone-nummer vorige besmetting,string,Medische gegevens,Interpretatie epicurve,Monitoring,Lokaal verloop,Tijdigheid,Interpretatie epicurve,
covidCase.test,source,,,string,Medische gegevens,Interpretatie epicurve,Monitoring,Lokaal verloop,Tijdigheid,Interpretatie epicurve,
covidCase.test,testLocation,Testlocatie,Testlocatie,string,Medische gegevens,Interpretatie epicurve,Monitoring,Lokaal verloop,Tijdigheid,Interpretatie epicurve,
covidCase.test,testLocationCategory,Type testlocatie,Type testlocatie,string,Medische gegevens,Interpretatie epicurve,Monitoring,Lokaal verloop,Tijdigheid,Interpretatie epicurve,
covidCase.test,reasons,Reden,Reden waarom de index zich heeft laten testen,array<\MinVWS\DBCO\Enum\Models\TestReason>,Medische gegevens,Interpretatie epicurve,Monitoring,Lokaal verloop,Tijdigheid,Interpretatie epicurve,
covidCase.test,reasons,Reden,Reden waarom de index zich heeft laten testen,array<\MinVWS\DBCO\Enum\Models\TestReason>,Medische gegevens,Interpretatie epicurve,Monitoring,Lokaal verloop,Tijdigheid,Interpretatie epicurve,
covidCase.trip,schemaVersion,Versie,Versienummer van de entiteit,int,,Versiebeheer,Versiebeheer,Versiebeheer,Versiebeheer,Versiebeheer,
covidCase.trip,departureDate,Datum vertrek,Datum vertrek van buitenlandse reis,\DateTimeInterface,,Beschrijven epicurve,Monitoring,Impact maatregelen,,Beschrijven epicurve,
covidCase.trip,returnDate,Datum terugkeer,Datum terugkeer van buitenlandse reis,\DateTimeInterface,,Beschrijven epicurve,Monitoring,Impact maatregelen,,Beschrijven epicurve,
covidCase.trip,countries,Welke land(en)?,De landen die tijdens de buitenlandse reis zijn bezocht,array<\MinVWS\DBCO\Enum\Models\Country>,,Beschrijven epicurve,Monitoring,Impact maatregelen,,Beschrijven epicurve,
covidCase.trip,transportation,Met welke vervoersmiddel(en)?,De vervoersmiddelen waarmee de buitenlandse reis is gemaakt,array<\MinVWS\DBCO\Enum\Models\TransportationType>,,Beschrijven epicurve,Monitoring,Impact maatregelen,,Beschrijven epicurve,
covidCase.underlyingSuffering,schemaVersion,Versie,Versienummer van de entiteit,int,,Versiebeheer,Versiebeheer,Versiebeheer,Versiebeheer,Versiebeheer,
covidCase.underlyingSuffering,hasUnderlyingSufferingOrMedication,Heeft onderliggend lijden of gebruikt medicijnen,Heeft de index onderliggend lijden en/of een verminderde afweer (bijvoordeeld door medicijngebruik),\MinVWS\DBCO\Enum\Models\YesNoUnknown,Medische gegevens,Doelgroepen,Opvolging,Lokaal verloop,,Doelgroepen,
covidCase.underlyingSuffering,hasUnderlyingSuffering,Heeft onderliggend lijden,Index heeft een onderliggend lijden,\MinVWS\DBCO\Enum\Models\YesNoUnknown,Medische gegevens,Doelgroepen,Opvolging,Lokaal verloop,,Doelgroepen,
covidCase.underlyingSuffering,otherItems,Andere aandoening,Ander onderliggende lijden dan de standaardwaardes,array<string>,Medische gegevens,Doelgroepen,Opvolging,Lokaal verloop,,Doelgroepen,
covidCase.underlyingSuffering,remarks,Toeliching,Toelichting onderliggend lijden,string,Medische gegevens,Doelgroepen,Opvolging,Lokaal verloop,,Doelgroepen,
covidCase.underlyingSuffering,items,Aandoeningen,Geselecteerde waardes uit de lijst met bekende onderliggende aandoeningen,array<\MinVWS\DBCO\Enum\Models\UnderlyingSuffering>,Medische gegevens,Doelgroepen,Opvolging,Lokaal verloop,,Doelgroepen,
covidCase.underlyingSuffering,items,Aandoeningen,Geselecteerde waardes uit de lijst met bekende onderliggende aandoeningen,array<\MinVWS\DBCO\Enum\Models\UnderlyingSuffering>,Medische gegevens,Doelgroepen,Opvolging,Lokaal verloop,,Doelgroepen,
covidCase.vaccination,schemaVersion,Versie,Versienummer van de entiteit,int,,Versiebeheer,Versiebeheer,Versiebeheer,Versiebeheer,Versiebeheer,
covidCase.vaccination,isVaccinated,Is gevaccineerd,Heef de index vaccinaties gehad?,\MinVWS\DBCO\Enum\Models\YesNoUnknown,Medische gegevens,Impact vaccinaties,Monitoring,Impact maatregelen,Uitsplitsingen,Impact vaccinaties,
covidCase.vaccination,hasCompletedVaccinationSeries,Heeft vaccinatiereeks voltooid,heeft de index de vaccinatiereeks voltooid?,bool,Medische gegevens,Impact vaccinaties,Monitoring,Impact maatregelen,Uitsplitsingen,Impact vaccinaties,
covidCase.vaccination,vaccineInjections,Vaccinaties,Repeatable van type shared.vaccineInjection,array<\App\Models\Versions\Shared\VaccineInjection\VaccineInjectionV1>,Medische gegevens,Impact vaccinaties,Monitoring,Impact maatregelen,Uitsplitsingen,Impact vaccinaties,
covidCase.vaccination,vaccineInjections,Vaccinaties,Repeatable van type shared.vaccineInjection,array<\App\Models\Versions\Shared\VaccineInjection\VaccineInjectionV1>,Medische gegevens,Impact vaccinaties,Monitoring,Impact maatregelen,Uitsplitsingen,Impact vaccinaties,
covidCase.vaccination,vaccinationCount,,,int,Medische gegevens,Impact vaccinaties,Monitoring,Impact maatregelen,Uitsplitsingen,Impact vaccinaties,
covidCase.vaccination,hasReceivedInvite,Is uitgenodigd,Index is gevaccineerd of heeft een afspraak gepland,\MinVWS\DBCO\Enum\Models\YesNoUnknown,Medische gegevens,Impact vaccinaties,Monitoring,Impact maatregelen,Uitsplitsingen,Impact vaccinaties,
covidCase.vaccination,groups,Vaccinatiegroepen,Tot welke groep behoort de index?,array<\MinVWS\DBCO\Enum\Models\VaccinationGroup>,Medische gegevens,Impact vaccinaties,Monitoring,Impact maatregelen,Uitsplitsingen,Impact vaccinaties,
covidCase.vaccination,otherGroup,Andere vaccinatiegroep,Andere vaccinatiegroep dan de ingestelde standaardwaardes,string,Medische gegevens,Impact vaccinaties,Monitoring,Impact maatregelen,Uitsplitsingen,Impact vaccinaties,
caseList,schemaVersion,Versie,Versienummer van de entiteit,int,,Versiebeheer,Versiebeheer,Versiebeheer,Versiebeheer,Versiebeheer,
caseList,uuid,Uniek id,Binnen portaal uniek id voor de lijst,string,"Denk bij uitgifte aan pseudonimisering, om het koppelen tussen verschillende uitgiften te voorkomen.",Koppelen van entiteiten,Koppelen van entiteiten,Koppelen van entiteiten,Koppelen van entiteiten,Koppelen van entiteiten,
caseList,name,Naam,Naam van de lijst,string,,,Opvolging,,Tijdigheid,,
caseList,isDefault,Is standaard,Bepaald of de lijst de standaard lijst is waar niet toegewezen nieuwe cases terecht komen.,bool,,,Opvolging,,Tijdigheid,,
caseList,isQueue,Is wachtrij,Bepaald of de lijst een geautomatiseerde wachtrij is,bool,,,Opvolging,,Tijdigheid,,
caseList,organisation,Organisatie,Id van de organisatie waar deze lijst van is,\App\Models\Versions\Organisation\OrganisationV1,,,Opvolging,,Tijdigheid,,
caseUpdate,schemaVersion,Versie,Versienummer van de entiteit,int,,Versiebeheer,Versiebeheer,Versiebeheer,Versiebeheer,Versiebeheer,
caseUpdate,uuid,Uniek id,Binnen portaal uniek id voor case-update,string,"Denk bij uitgifte aan pseudonimisering, om het koppelen tussen verschillende uitgiften te voorkomen.",Koppelen van entiteiten,Koppelen van entiteiten,Koppelen van entiteiten,Koppelen van entiteiten,Koppelen van entiteiten,
caseUpdate,source,,,string,,,Doorlooptijd,,,,
caseUpdate,receivedAt,,,\DateTimeInterface,,,Doorlooptijd,,,,
caseUpdate,createdAt,Gemaakt op,,\DateTimeInterface,,,Doorlooptijd,,,,
caseUpdate,fragments,,gestructureerd dataveld van type caseUpdateFragment,array<\App\Models\Versions\CaseUpdateFragment\CaseUpdateFragmentV1>,,,Doorlooptijd,,,,
caseUpdate,contacts,,,array<\App\Models\Versions\CaseUpdateContact\CaseUpdateContactV1>,,,Doorlooptijd,,,,
caseUpdateContact,schemaVersion,Versie,Versienummer van de entiteit,int,,Versiebeheer,Versiebeheer,Versiebeheer,Versiebeheer,Versiebeheer,
caseUpdateContact,uuid,Uniek id,Binnen portaal uniek id voor contact-update,string,"Denk bij uitgifte aan pseudonimisering, om het koppelen tussen verschillende uitgiften te voorkomen.",Koppelen van entiteiten,Koppelen van entiteiten,Koppelen van entiteiten,Koppelen van entiteiten,Koppelen van entiteiten,
caseUpdateContact,contactGroup,,,\MinVWS\DBCO\Enum\Models\TaskGroup,,,Volledigheid,,,,
caseUpdateContact,label,,,string,,,Volledigheid,,,,
caseUpdateContact,fragments,,,array<\App\Models\Versions\CaseUpdateContactFragment\CaseUpdateContactFragmentV1>,,,Volledigheid,,,,
caseUpdateContactFragment,schemaVersion,Versie,Versienummer van de entiteit,int,,Versiebeheer,Versiebeheer,Versiebeheer,Versiebeheer,Versiebeheer,
caseUpdateContactFragment,name,,,string,,,,,,,
caseUpdateContactFragment,data,,,array,,,,,,,
caseUpdateContactFragment,version,,,int,,,,,,,
caseUpdateFragment,schemaVersion,Versie,Versienummer van de entiteit,int,,Versiebeheer,Versiebeheer,Versiebeheer,Versiebeheer,Versiebeheer,
caseUpdateFragment,name,,,string,,,,,,,
caseUpdateFragment,data,,,array,,,,,,,
caseUpdateFragment,version,,,int,,,,,,,
context,schemaVersion,Versie,Versienummer van de entiteit,int,,Versiebeheer,Versiebeheer,Versiebeheer,Versiebeheer,Versiebeheer,
context,uuid,,,string,,Koppelen van entiteiten,Koppelen van entiteiten,Koppelen van entiteiten,Koppelen van entiteiten,Koppelen van entiteiten,
context,pseudoId,,,string,,Koppelen van entiteiten,Koppelen van entiteiten,Koppelen van entiteiten,Koppelen van entiteiten,Koppelen van entiteiten,
context,pseudoPlaceId,,,string,,Koppelen van entiteiten,Koppelen van entiteiten,Koppelen van entiteiten,Koppelen van entiteiten,Koppelen van entiteiten,
context,sections,,,array<\App\Models\Versions\Section\SectionV1>,,Transmissiepatroon,Transmissiepatroon,Transmissiepatroon,Transmissiepatroon,Transmissiepatroon,
context,general,Over de context,Algemene informatie over deze context,\App\Models\Versions\Context\General\GeneralV1,,Transmissiepatroon,Transmissiepatroon,Transmissiepatroon,Transmissiepatroon,Transmissiepatroon,
context,circumstances,Omstandigheden,Informatie over de omstandigheden van het bezoek,\App\Models\Versions\Context\Circumstances\CircumstancesV1,,Transmissiepatroon,Transmissiepatroon,Transmissiepatroon,Transmissiepatroon,Transmissiepatroon,
context,contact,Contactgegevens,Contactgegevens van vertegenwoordiger van de context,\App\Models\Versions\Context\Contact\ContactV1,,Transmissiepatroon,Transmissiepatroon,Transmissiepatroon,Transmissiepatroon,Transmissiepatroon,
covidCase,schemaVersion,Versie,Versienummer van de entiteit,int,,Versiebeheer,Versiebeheer,Versiebeheer,Versiebeheer,Versiebeheer,
covidCase,uuid,Uniek Id,Binnen portaal uniek id voor de case,string,"Denk bij uitgifte aan pseudonimisering, om het koppelen tussen verschillende uitgiften te voorkomen.",Koppelen van entiteiten,Koppelen van entiteiten,Koppelen van entiteiten,Koppelen van entiteiten,Koppelen van entiteiten,
covidCase,pseudoId,,,string,,Koppelen van entiteiten,Koppelen van entiteiten,Koppelen van entiteiten,Koppelen van entiteiten,Koppelen van entiteiten,
covidCase,caseId,CaseId,HPZone nummer van de case,string,,Koppelen van entiteiten,Koppelen van entiteiten,Koppelen van entiteiten,Koppelen van entiteiten,Koppelen van entiteiten,
covidCase,hpzoneNumber,,,string,,Lokaal verloop,Doorlooptijd,,Tijdigheid,Lokaal verloop,
covidCase,organisation,Organisatie,Id van de organisatie die de case in het BCO portaal heeft aangemaakt (altijd een GGD regio),\App\Models\Versions\Organisation\OrganisationV1,,Lokaal verloop,Doorlooptijd,,Tijdigheid,Lokaal verloop,
covidCase,assignedOrganisation,Toegewezen organisatie,"Id van de organsiatie waarin de case op dit moment is toegewezen (GGD regio, of landelijke partner)",\App\Models\Versions\Organisation\OrganisationV1,,Lokaal verloop,Doorlooptijd,,Tijdigheid,Lokaal verloop,
covidCase,assignedCaseList,Toegewezen lijst,Id van de lijst waaraan de case op dit moment is toegewezen,\App\Models\Versions\CaseList\CaseListV1,,Lokaal verloop,Doorlooptijd,,Tijdigheid,Lokaal verloop,
covidCase,assignedUser,Toegewezen gebruiker,Id van de portaal gebruiker aan wie de case op dit moment is toegewezen,\App\Models\Versions\User\UserV1,,Lokaal verloop,Doorlooptijd,,Tijdigheid,Lokaal verloop,
covidCase,bcoStatus,BCO status,"De algemente status van de case. Mogelijke waarden zijn: draft, open, completed, archived en unknown",\MinVWS\DBCO\Enum\Models\BCOStatus,,Lokaal verloop,Doorlooptijd,,Tijdigheid,Lokaal verloop,
covidCase,bcoPhase,BCO Fase,BCO Fase waarin de case is opgepakt,\MinVWS\DBCO\Enum\Models\BCOPhase,,Lokaal verloop,Doorlooptijd,,Tijdigheid,Lokaal verloop,
covidCase,indexStatus,Koppelstatus GGD Contact,"De status van koppeling van de GGD Contact app, Mogelijke waarden zijn: initial, paringRequestAccepted, paired, delivered, timeout, expired.",\MinVWS\DBCO\Enum\Models\IndexStatus,,Lokaal verloop,Doorlooptijd,,Tijdigheid,Lokaal verloop,
covidCase,createdBy,Gemaakt door,Id van de portaal gebruiker die de case heeft gemaakt,\App\Models\Versions\User\UserV1,,Lokaal verloop,Doorlooptijd,,Tijdigheid,Lokaal verloop,
covidCase,createdAt,Gemaakt op,Datum/tijd waarop de case is aangemaakt,\DateTimeInterface,,Lokaal verloop,Doorlooptijd,,Tijdigheid,Lokaal verloop,
covidCase,updatedAt,Bijgewerkt op,Datum/tijd waarop de case voor het laatst is bijgwerkt,\DateTimeInterface,,Lokaal verloop,Doorlooptijd,,Tijdigheid,Lokaal verloop,
covidCase,completedAt,Afgerond op,Datum/tijd waarop de case de status 'afgerond' kreeg,\DateTimeInterface,,Lokaal verloop,Doorlooptijd,,Tijdigheid,Lokaal verloop,
covidCase,deletedAt,Verwijderd op,Datum/tijd waarop de case is verwijderd.,\DateTimeInterface,,Lokaal verloop,Doorlooptijd,,Tijdigheid,Lokaal verloop,
covidCase,abroad,Gegevens over buitenlandse reizen voorafgaand aan EZD,Gestructureerd dataveld van type covidCase.abroad,\App\Models\Versions\CovidCase\Abroad\AbroadV1,,Relatie,Relatie,Relatie,Relatie,Relatie,
covidCase,alternateContact,Gegevens over vertegenwoordiger van de index,Gestructureerd dataveld van type covidCase.alternateContact,\App\Models\Versions\CovidCase\AlternateContact\AlternateContactV1,,Relatie,Relatie,Relatie,Relatie,Relatie,
covidCase,contact,Contactgegevens van de index,Gestructureerd dataveld van type covidCase.contact,\App\Models\Versions\CovidCase\Contact\ContactV1,,Relatie,Relatie,Relatie,Relatie,Relatie,
covidCase,contacts,Meta-informatie over contacten in besmettelijke periode,Gestructureerd dataveld van type covidCase.contacts,\App\Models\Versions\CovidCase\Contacts\ContactsV1,,Relatie,Relatie,Relatie,Relatie,Relatie,
covidCase,contacts,Meta-informatie over contacten in besmettelijke periode,Gestructureerd dataveld van type covidCase.contacts,\App\Models\Versions\CovidCase\Contacts\ContactsV2,,Relatie,Relatie,Relatie,Relatie,Relatie,
covidCase,deceased,Gegevens over overlijden van de index,Gestructureerd dataveld van type covidCase.deceased,\App\Models\Versions\CovidCase\Deceased\DeceasedV1,,Relatie,Relatie,Relatie,Relatie,Relatie,
covidCase,job,Werkgegevens van de index,Gestructureerd dataveld van type covidCase.job,\App\Models\Versions\CovidCase\Job\JobV1,,Relatie,Relatie,Relatie,Relatie,Relatie,
covidCase,hospital,Gegevens over ziekenhuisopname van de index,Gestructureerd dataveld van type covidCase.hospital,\App\Models\Versions\CovidCase\Hospital\HospitalV1,,Relatie,Relatie,Relatie,Relatie,Relatie,
covidCase,housemates,Informatie over huisgenoten van de index,Gestructureerd dataveld van type covidCase.housemates,\App\Models\Versions\CovidCase\Housemates\HousematesV1,,Relatie,Relatie,Relatie,Relatie,Relatie,
covidCase,alternativeLanguage,Voorkeurstaal voor communicatie met de index,Gestructureerd dataveld van type covidCase.alternativeLanguage,\App\Models\Versions\CovidCase\AlternativeLanguage\AlternativeLanguageV1,,Relatie,Relatie,Relatie,Relatie,Relatie,byHealthAuthorities,
covidCase,alternateResidency,Alternatief verblijfadres van de index,Gestructureerd dataveld van type covidCase.alternateRecidency,\App\Models\Versions\CovidCase\AlternateResidency\AlternateResidencyV1,,Relatie,Relatie,Relatie,Relatie,Relatie,
covidCase,generalPractitioner,Gegevens van de huisarts van de index,Gestructureerd dataveld van type covidCase.generalPractitioner,\App\Models\Versions\CovidCase\GeneralPractitioner\GeneralPractitionerV1,,Relatie,Relatie,Relatie,Relatie,Relatie,
covidCase,immunity,Immuniteitstatus van de index,Gestructureerd dataveld van type covidCase.immunity,\App\Models\Versions\CovidCase\Immunity\ImmunityV1,,Relatie,Relatie,Relatie,Relatie,Relatie,
covidCase,principalContextualSettings,VERVALLEN? (DBCO-2769),,\App\Models\Versions\CovidCase\PrincipalContextualSettings\PrincipalContextualSettingsV1,,Lokaal verloop,Doorlooptijd,,Tijdigheid,Lokaal verloop,byHealthAuthorities,
covidCase,recentBirth,Gegevens over recente bevalling van de index,Gestructureerd dataveld van type covidCase.recentBirth,\App\Models\Versions\CovidCase\RecentBirth\RecentBirthV1,,Relatie,Relatie,Relatie,Relatie,Relatie,
covidCase,riskLocation,Index woont op risicolocatie,Gestructureerd dataveld van type covidCase.riskLocation,\App\Models\Versions\CovidCase\RiskLocation\RiskLocationV1,,Relatie,Relatie,Relatie,Relatie,Relatie,
covidCase,sourceEnvironments,"Sommige settings zijn geen context, maar waarschijnlijk wel de plaats van besmetting",Gestructureerd dataveld van type covidCase.sourceEnvironments,\App\Models\Versions\CovidCase\SourceEnvironments\SourceEnvironmentsV1,,Relatie,Relatie,Relatie,Relatie,Relatie,
covidCase,eduDaycare,Gegevens over school/opleiding van de index,Gestructureerd dataveld van type covidCase.eduDaycare,\App\Models\Versions\CovidCase\EduDaycare\EduDaycareV1,,Relatie,Relatie,Relatie,Relatie,Relatie,
covidCase,groupTransport,Vliegreis of groepsvervoer met gereserveerde stoelen,Gestructureerd dataveld van type covidCase.groupTransport,\App\Models\Versions\CovidCase\GroupTransport\GroupTransportV1,,Relatie,Relatie,Relatie,Relatie,Relatie,
covidCase,medication,Door index gebruikte medicatie die mogelijk invloed heeft op het immuunsysteem,repeatable van type covidcase.medication,\App\Models\Versions\CovidCase\Medication\MedicationV1,,Lokaal verloop,Doorlooptijd,,Tijdigheid,Lokaal verloop,
covidCase,pregnancy,Gegevens over zwangerschap van de index,Gestructureerd dataveld van type covidCase.pregnancy,\App\Models\Versions\CovidCase\Pregnancy\PregnancyV1,,Relatie,Relatie,Relatie,Relatie,Relatie,
covidCase,symptoms,COVID19 Symptomen van de index,Gestructureerd dataveld van type covidCase.symptoms,\App\Models\Versions\CovidCase\Symptoms\SymptomsV1,,Relatie,Relatie,Relatie,Relatie,Relatie,
covidCase,index,Persoonlijke gegevens van de index,Gestructureerd dataveld van type covidCase.index,\App\Models\Versions\CovidCase\Index\IndexV1,,Relatie,Relatie,Relatie,Relatie,Relatie,
covidCase,remarksRivm,,,string,,Lokaal verloop,Doorlooptijd,,Tijdigheid,Lokaal verloop,
covidCase,osirisNumber,,,int,,Lokaal verloop,Doorlooptijd,,Tijdigheid,Lokaal verloop,
covidCase,osirisLastNotifiedAt,,,\DateTimeInterface,,Lokaal verloop,Doorlooptijd,,Tijdigheid,Lokaal verloop,
covidCase,caseUpdates,,,array<\App\Models\Versions\CaseUpdate\CaseUpdateV1>,,Lokaal verloop,Doorlooptijd,,Tijdigheid,Lokaal verloop,
covidCase,contexts,Contexten in bron- en besmettelijke periode,repeatable van type context,array<\App\Models\Versions\Context\ContextV1>,,Lokaal verloop,Doorlooptijd,,Tijdigheid,Lokaal verloop,
covidCase,extensiveContactTracing,Onderbouwing van wel/geen BCO op maat,Gestructureerd dataveld van het type covidCase.extensiveContactTracing,\App\Models\Versions\CovidCase\ExtensiveContactTracing\ExtensiveContactTracingV1,,Relatie,Relatie,Relatie,Relatie,Relatie,
covidCase,vaccination,Vaccinatiegegevens van de index,Gestructureerd dataveld van type covidCase.vaccination,\App\Models\Versions\CovidCase\Vaccination\VaccinationV1,,Relatie,Relatie,Relatie,Relatie,Relatie,
covidCase,tasks,Contacten in bron- en besmettelijke periode,repeatable van type task,array<\App\Models\Versions\Task\TaskV1>,,Lokaal verloop,Doorlooptijd,,Tijdigheid,Lokaal verloop,
covidCase,extensiveContactTracing,Onderbouwing van wel/geen BCO op maat,Gestructureerd dataveld van het type covidCase.extensiveContactTracing,\App\Models\Versions\CovidCase\ExtensiveContactTracing\ExtensiveContactTracingV2,,Relatie,Relatie,Relatie,Relatie,Relatie,
covidCase,vaccination,Vaccinatiegegevens van de index,Gestructureerd dataveld van type covidCase.vaccination,\App\Models\Versions\CovidCase\Vaccination\VaccinationV2,,Relatie,Relatie,Relatie,Relatie,Relatie,
covidCase,tasks,Contacten in bron- en besmettelijke periode,repeatable van type task,array<\App\Models\Versions\Task\TaskV2>,,Lokaal verloop,Doorlooptijd,,Tijdigheid,Lokaal verloop,
covidCase,test,Eerste ziektedag en test van de index,Gestructureerd dataveld van type covidCase.test,\App\Models\Versions\CovidCase\Test\TestV1,,Relatie,Relatie,Relatie,Relatie,Relatie,
covidCase,general,Meta-informatie over deze case,Gestructureerd dataveld van type covidCase.general,\App\Models\Versions\CovidCase\General\GeneralV1,,Relatie,Relatie,Relatie,Relatie,Relatie,
covidCase,communication,Communicatievoorkeuren van de index of diens vertegenwoordiger,Gestructureerd dataveld van type covidCase.communication,\App\Models\Versions\CovidCase\Communication\CommunicationV1,,Relatie,Relatie,Relatie,Relatie,Relatie,
covidCase,test,Eerste ziektedag en test van de index,Gestructureerd dataveld van type covidCase.test,\App\Models\Versions\CovidCase\Test\TestV2,,Relatie,Relatie,Relatie,Relatie,Relatie,
covidCase,general,Meta-informatie over deze case,Gestructureerd dataveld van type covidCase.general,\App\Models\Versions\CovidCase\General\GeneralV2,,Relatie,Relatie,Relatie,Relatie,Relatie,
covidCase,communication,Communicatievoorkeuren van de index of diens vertegenwoordiger,Gestructureerd dataveld van type covidCase.communication,\App\Models\Versions\CovidCase\Communication\CommunicationV2,,Relatie,Relatie,Relatie,Relatie,Relatie,
covidCase,tasks,Contacten in bron- en besmettelijke periode,repeatable van type task,array<\App\Models\Versions\Task\TaskV3>,,Lokaal verloop,Doorlooptijd,,Tijdigheid,Lokaal verloop,
covidCase,underlyingSuffering,Informatie over onderliggend lijden van de index,Gestructureerd dataveld van type covidCase.underlyingSuffering,\App\Models\Versions\CovidCase\UnderlyingSuffering\UnderlyingSufferingV1,,Relatie,Relatie,Relatie,Relatie,Relatie,
covidCase,vaccination,Vaccinatiegegevens van de index,Gestructureerd dataveld van type covidCase.vaccination,\App\Models\Versions\CovidCase\Vaccination\VaccinationV3,,Relatie,Relatie,Relatie,Relatie,Relatie,
covidCase,underlyingSuffering,Informatie over onderliggend lijden van de index,Gestructureerd dataveld van type covidCase.underlyingSuffering,\App\Models\Versions\CovidCase\UnderlyingSuffering\UnderlyingSufferingV2,,Relatie,Relatie,Relatie,Relatie,Relatie,
covidCase,tasks,Contacten in bron- en besmettelijke periode,repeatable van type task,array<\App\Models\Versions\Task\TaskV4>,,Lokaal verloop,Doorlooptijd,,Tijdigheid,Lokaal verloop,
covidCase,testResults,,,array<\App\Models\Versions\TestResult\TestResultV1>,,Relatie,Relatie,Relatie,Relatie,Relatie,
organisation,schemaVersion,Versie,Versienummer van de entiteit,int,,Versiebeheer,Versiebeheer,Versiebeheer,Versiebeheer,Versiebeheer,
organisation,uuid,Uniek id,Binnen portaal uniek id voor de organisatie,string,"Denk bij uitgifte aan pseudonimisering, om het koppelen tussen verschillende uitgiften te voorkomen.",Koppelen van entiteiten,Koppelen van entiteiten,Koppelen van entiteiten,Koppelen van entiteiten,Koppelen van entiteiten,
organisation,name,Naam,Naam van de organsiatie,string,,Regionaal risico,Locaties,Lokaal verloop,Uitsplitsingen,Regionaal risico,
organisation,abbreviation,Afkorting,twee of drieletterige afkorting van de GGD regio,string,,Regionaal risico,Locaties,Lokaal verloop,Uitsplitsingen,Regionaal risico,
organisation,hpZoneCode,HPZone code,Code waarmee de organsiatie in HPZone bekend is,string,,Regionaal risico,Locaties,Lokaal verloop,Uitsplitsingen,Regionaal risico,
organisation,bcoPhase,BCO fase,BCO fase waarin de organisatie nu werkt,\MinVWS\DBCO\Enum\Models\BCOPhase,,Regionaal risico,Locaties,Lokaal verloop,Uitsplitsingen,Regionaal risico,
organisation,isAllowedToReportTestResults,,,bool,,Regionaal risico,Locaties,Lokaal verloop,Uitsplitsingen,Regionaal risico,
task,schemaVersion,Versie,Versienummer van de entiteit,int,,Versiebeheer,Versiebeheer,Versiebeheer,Versiebeheer,Versiebeheer,
task,uuid,,,string,,,,,,,
task,pseudoId,,,string,,Koppelen van entiteiten,Koppelen van entiteiten,Koppelen van entiteiten,Koppelen van entiteiten,Koppelen van entiteiten,
task,taskGroup,,,\MinVWS\DBCO\Enum\Models\TaskGroup,,Transmissiepatroon,Transmissiepatroon,Transmissiepatroon,Transmissiepatroon,Transmissiepatroon,
task,general,Over het contact,gestructureerd dataveld van type task.general,\App\Models\Versions\Task\General\GeneralV1,,Relatie,Relatie,Relatie,Relatie,Relatie,byHealthAuthorities,
task,test,Test,gestructureerd dataveld van type task.test,\App\Models\Versions\Task\Test\TestV1,,Relatie,Relatie,Relatie,Relatie,Relatie,
task,job,Werk,gestructureerd dataveld van het type task.job,\App\Models\Versions\Task\Job\JobV1,,Relatie,Relatie,Relatie,Relatie,Relatie,
task,personalDetails,Persoonlijke gegevens,gestructureerd dataveld van het type task.personalDetails,\App\Models\Versions\Task\PersonalDetails\PersonalDetailsV1,,Relatie,Relatie,Relatie,Relatie,Relatie,byHealthAuthorities,
task,symptoms,Klachten,gestructureerd dataveld van het type task.symptoms,\App\Models\Versions\Task\Symptoms\SymptomsV1,,Relatie,Relatie,Relatie,Relatie,Relatie,
task,circumstances,Omstandigheden,gestructureerd dataveld van het type task.circumstances,\App\Models\Versions\Task\Circumstances\CircumstancesV1,,Relatie,Relatie,Relatie,Relatie,Relatie,
task,alternateContact,Vertegenwoordiger,gestructureerd dataveld van het type task.alternateContact,\App\Models\Versions\Task\AlternateContact\AlternateContactV1,,Relatie,Relatie,Relatie,Relatie,Relatie,byHealthAuthorities,
task,alternativeLanguage,Alternatieve taal,gestructureerd dataveld van het type task.alternativeLanguage,\App\Models\Versions\Task\AlternativeLanguage\AlternativeLanguageV1,,Relatie,Relatie,Relatie,Relatie,Relatie,byHealthAuthorities,
task,immunity,Immuniteit,Persoon is beschermd middels eerdere besmetting en/of vaccinatie,\App\Models\Versions\Task\Immunity\ImmunityV1,,Transmissiepatroon,Transmissiepatroon,Transmissiepatroon,Transmissiepatroon,Transmissiepatroon,
task,vaccination,Vaccinatie,gestructureerd dataveld van type task.vaccination,\App\Models\Versions\Task\Vaccination\VaccinationV1,,Relatie,Relatie,Relatie,Relatie,Relatie,
task,vaccination,Vaccinatie,gestructureerd dataveld van type task.vaccination,\App\Models\Versions\Task\Vaccination\VaccinationV2,,Relatie,Relatie,Relatie,Relatie,Relatie,
task,vaccination,Vaccinatie,gestructureerd dataveld van type task.vaccination,\App\Models\Versions\Task\Vaccination\VaccinationV3,,Relatie,Relatie,Relatie,Relatie,Relatie,
task,inform,Informeren,gestructureerd dataveld van het type task.inform,\App\Models\Versions\Task\Inform\InformV1,,Relatie,Relatie,Relatie,Relatie,Relatie,
task,inform,Informeren,gestructureerd dataveld van het type task.inform,\App\Models\Versions\Task\Inform\InformV2,,Relatie,Relatie,Relatie,Relatie,Relatie,
user,schemaVersion,Versie,Versienummer van de entiteit,int,,Versiebeheer,Versiebeheer,Versiebeheer,Versiebeheer,Versiebeheer,
user,uuid,Uniek id,Binnen portaal uniek id voor de portaal gebruiker,string,"Herleidbaar naar een medewerker. Denk bij uitgifte aan pseudonimisering, om het koppelen tussen verschillende uitgiften te voorkomen.",Koppelen van entiteiten,Koppelen van entiteiten,Koppelen van entiteiten,Koppelen van entiteiten,Koppelen van entiteiten,
user,name,Naam,Volledige naam van de portaal gebruiker,string,Herleidbaar naar een medewerker,,Zorg,,,,
user,roles,Rollen,Portaal rollen die aan de gebruiker zijn toegekend,string,,,Tijdigheid,,Tijdigheid,,
user,organisations,Organisaties,Organsiaties waarvoor de gebruiker werkt,array<\App\Models\Versions\Organisation\OrganisationV1>,,,Regionaal risico,,Uitsplitsingen,,
intake,schemaVersion,Versie,Versienummer van de entiteit,int,,Versiebeheer,Versiebeheer,Versiebeheer,Versiebeheer,Versiebeheer,
intake,uuid,Uniek id,Binnen portaal uniek id voor de intake,string,"Denk bij uitgifte aan pseudonimisering, om het koppelen tussen verschillende uitgiften te voorkomen.",Koppelen van entiteiten,Koppelen van entiteiten,Koppelen van entiteiten,Koppelen van entiteiten,Koppelen van entiteiten,
intake,type,? Check Joris/webportaal,,\MinVWS\DBCO\Enum\Models\IntakeType,,Beschrijven epicurve,Opvolging,,,Beschrijven epicurve,
intake,source,,,string,,Beschrijven epicurve,Opvolging,,,Beschrijven epicurve,
intake,identifierType,,,string,,Beschrijven epicurve,Opvolging,,,Beschrijven epicurve,
intake,identifier,,,string,,Beschrijven epicurve,Opvolging,,,Beschrijven epicurve,
intake,pseudoBsnGuid,,,string,,Beschrijven epicurve,Opvolging,,,Beschrijven epicurve,
intake,cat1Count,Aantal categorie 1 contacten,Aantal categorie 1 contacten,int,,Beschrijven epicurve,Opvolging,,,Beschrijven epicurve,
intake,estimatedCat2Count,Aantal categorie 2 contacten,Aantal categorie 2 contacten,int,,Beschrijven epicurve,Opvolging,,,Beschrijven epicurve,
intake,firstname,Voornaam,,string,Persoonsgegeven,Beschrijven epicurve,Opvolging,,,Beschrijven epicurve,
intake,prefix,Voorzetsel,Voorzetsel als onderdeel van de achternaam,string,Persoonsgegeven,Beschrijven epicurve,Opvolging,,,Beschrijven epicurve,
intake,lastname,Achternaam,,string,Persoonsgegeven,Beschrijven epicurve,Opvolging,,,Beschrijven epicurve,
intake,dateOfBirth,Geboortedatum,,\DateTimeInterface,Herleidbaar naar een persoon. Aggregeer in leeftijd of cohorten.,Beschrijven epicurve,Opvolging,,,Beschrijven epicurve,
intake,dateOfSymptomOnset,Eerste ziektedag,Eerste ziektedag volgens de index,\DateTimeInterface,,Beschrijven epicurve,Opvolging,,,Beschrijven epicurve,
intake,dateOfTest,Testdatum,,\DateTimeInterface,,Beschrijven epicurve,Opvolging,,,Beschrijven epicurve,
intake,receivedAt,,,\DateTimeInterface,,Beschrijven epicurve,Opvolging,,,Beschrijven epicurve,
intake,createdAt,Gemaakt op,,\DateTimeInterface,,Beschrijven epicurve,Opvolging,,,Beschrijven epicurve,
intake,fragments,,,array<\App\Models\Versions\IntakeFragment\IntakeFragmentV1>,,Relatie,Relatie,Relatie,Relatie,Relatie,
intake,contacts,,,array<\App\Models\Versions\IntakeContact\IntakeContactV1>,,Relatie,Relatie,Relatie,Relatie,Relatie,
intake,pc3,,,string,,Beschrijven epicurve,Opvolging,,,Beschrijven epicurve,
intake,gender,Geslacht,Geslacht zoals opgegeven door de persoon,\MinVWS\DBCO\Enum\Models\Gender,,Beschrijven epicurve,Opvolging,,,Beschrijven epicurve,
intakeContact,schemaVersion,Versie,Versienummer van de entiteit,int,,Versiebeheer,Versiebeheer,Versiebeheer,Versiebeheer,Versiebeheer,
intakeContact,uuid,Uniek id,Binnen portaal uniek id voor een contact bij intake,string,"Denk bij uitgifte aan pseudonimisering, om het koppelen tussen verschillende uitgiften te voorkomen.",Koppelen van entiteiten,Koppelen van entiteiten,Koppelen van entiteiten,Koppelen van entiteiten,Koppelen van entiteiten,
intakeContact,type,,,string,,,Volledigheid,,,,
intakeContact,fragments,,,array<\App\Models\Versions\CaseUpdateContactFragment\CaseUpdateContactFragmentV1>,,,Volledigheid,,,,
intakeContact,receivedAt,,,\DateTimeInterface,,,Volledigheid,,,,
intakeContactFragment,schemaVersion,Versie,Versienummer van de entiteit,int,,Versiebeheer,Versiebeheer,Versiebeheer,Versiebeheer,Versiebeheer,
intakeContactFragment,name,,,string,,,Volledigheid,,,,
intakeContactFragment,data,,,array,,,Volledigheid,,,,
intakeContactFragment,version,,,int,,,Volledigheid,,,,
intakeContactFragment,receivedAt,,,\DateTimeInterface,,,Volledigheid,,,,
intakeFragment,schemaVersion,Versie,Versienummer van de entiteit,int,,Versiebeheer,Versiebeheer,Versiebeheer,Versiebeheer,Versiebeheer,
intakeFragment,name,,,string,,,Volledigheid,,,,
intakeFragment,data,,,array,,,Volledigheid,,,,
intakeFragment,version,,,int,,,Volledigheid,,,,
intakeFragment,receivedAt,,,\DateTimeInterface,,,Volledigheid,,,,
person,schemaVersion,Versie,Versienummer van de entiteit,int,,Versiebeheer,Versiebeheer,Versiebeheer,Versiebeheer,Versiebeheer,
person,uuid,Uniek id,Binnen portaal uniek id voor een persoon,string,"Herleidbaar naar een persoon. Denk bij uitgifte aan pseudonimisering, om het koppelen tussen verschillende uitgiften te voorkomen.",Koppelen van entiteiten,Koppelen van entiteiten,Koppelen van entiteiten,Koppelen van entiteiten,Koppelen van entiteiten,
person,dateOfBirth,Geboortedatum,,\DateTimeInterface,Herleidbaar naar een persoon. Aggregeer in leeftijd of cohorten.,Leeftijdsgroepen,Leeftijdsgroepen,,,Leeftijdsgroepen,
person,nameAndAddress,Naam en adres,Gestructureerd dataveld van type person.nameAndAddress,\App\Models\Versions\Person\NameAndAddress\NameAndAddressV1,,Relatie,Relatie,Relatie,Relatie,Relatie,
person,contactDetails,Details,Gestructureerd dataveld van type person.nameAndAddress,\App\Models\Versions\Person\ContactDetails\ContactDetailsV1,,Relatie,Relatie,Relatie,Relatie,Relatie,
person,pseudoBsnGuid,PseudoBSN,Pseudoniem van het BSN,string,,,Opvolging,,,,
person,searchNonBsn,? team 2 job,,string,,,Opvolging,,,,
person,searchDateOfBirth,?,,string,,,Opvolging,,,,
person,searchPhone,?,,string,,,Opvolging,,,,
person,searchEmail,?,,string,,,Opvolging,,,,
person,createdAt,Gemaakt op,Datum/tijd waarop de persoon is geregistreerd in GGD COntact,\DateTimeInterface,,Versiebeheer,Doorlooptijd,,,Versiebeheer,
person,updatedAt,Datum laatste wijziging,,\DateTimeInterface,,Versiebeheer,Doorlooptijd,,,Versiebeheer,
place,schemaVersion,Versie,Versienummer van de entiteit,int,,Versiebeheer,Versiebeheer,Versiebeheer,Versiebeheer,Versiebeheer,
place,uuid,Uniek id,Binnen portaal uniek id voor een plek,string,"Denk bij uitgifte aan pseudonimisering, om het koppelen tussen verschillende uitgiften te voorkomen.",Koppelen van entiteiten,Koppelen van entiteiten,Koppelen van entiteiten,Koppelen van entiteiten,Koppelen van entiteiten,
place,pseudoId,,,string,,Koppelen van entiteiten,Koppelen van entiteiten,Koppelen van entiteiten,Koppelen van entiteiten,Koppelen van entiteiten,
place,createdAt,,,\DateTimeInterface,,Transmissiepatroon,Transmissiepatroon,Transmissiepatroon,Transmissiepatroon,Transmissiepatroon,
place,updatedAt,,,\DateTimeInterface,,Transmissiepatroon,Transmissiepatroon,Transmissiepatroon,Transmissiepatroon,Transmissiepatroon,
place,sections,,,array<\App\Models\Versions\Section\SectionV1>,,Transmissiepatroon,Transmissiepatroon,Transmissiepatroon,Transmissiepatroon,Transmissiepatroon,
place,organisation,,,\App\Models\Versions\Organisation\OrganisationV1,,Transmissiepatroon,Transmissiepatroon,Transmissiepatroon,Transmissiepatroon,Transmissiepatroon,
place,label,,,string,,Transmissiepatroon,Transmissiepatroon,Transmissiepatroon,Transmissiepatroon,Transmissiepatroon,
place,locationId,,,string,,,,,,,byHealthAuthorities
place,category,,,string,,Transmissiepatroon,Transmissiepatroon,Transmissiepatroon,Transmissiepatroon,Transmissiepatroon,
place,street,,,string,,Transmissiepatroon,Transmissiepatroon,Transmissiepatroon,Transmissiepatroon,Transmissiepatroon,
place,housenumber,,,string,,Transmissiepatroon,Transmissiepatroon,Transmissiepatroon,Transmissiepatroon,Transmissiepatroon,
place,housenumberSuffix,,,string,,Transmissiepatroon,Transmissiepatroon,Transmissiepatroon,Transmissiepatroon,Transmissiepatroon,
place,postalcode,,,string,,Transmissiepatroon,Transmissiepatroon,Transmissiepatroon,Transmissiepatroon,Transmissiepatroon,
place,town,,,string,,Transmissiepatroon,Transmissiepatroon,Transmissiepatroon,Transmissiepatroon,Transmissiepatroon,
place,country,,,string,,Transmissiepatroon,Transmissiepatroon,Transmissiepatroon,Transmissiepatroon,Transmissiepatroon,
place,ggdCode,,,string,,,,,,,byHealthAuthorities
place,ggdMunicipality,,,string,,,,,,,byHealthAuthorities
place,isVerified,,,bool,,Transmissiepatroon,Transmissiepatroon,Transmissiepatroon,Transmissiepatroon,Transmissiepatroon,
pseudonymousIntake,schemaVersion,Versie,Versienummer van de entiteit,int,,Versiebeheer,Versiebeheer,Versiebeheer,Versiebeheer,Versiebeheer,
pseudonymousIntake,uuid,Uniek id,Binnen portaal uniek id voor intake onder pseudoniem,string,,,,,,,
pseudonymousIntake,type,,,\MinVWS\DBCO\Enum\Models\IntakeType,,,,,,,
pseudonymousIntake,data,,,array,,,,,,,
pseudonymousIntake,createdAt,Gemaakt op,,\DateTimeInterface,,,,,,,
pseudonymousIntake,updatedAt,,,\DateTimeInterface,,,,,,,
pseudonymousIntake,receivedAt,,,\DateTimeInterface,,,,,,,
section,schemaVersion,,,int,,,,,,,
section,uuid,,,string,,,,,,,
section,pseudoId,,,string,,Koppelen van entiteiten,Koppelen van entiteiten,Koppelen van entiteiten,Koppelen van entiteiten,Koppelen van entiteiten,
section,label,,,string,,Transmissiepatroon,Transmissiepatroon,Transmissiepatroon,Transmissiepatroon,Transmissiepatroon,
testResult,schemaVersion,Versie,Versienummer van de entiteit,int,,Versiebeheer,Versiebeheer,Versiebeheer,Versiebeheer,Versiebeheer,
testResult,uuid,Uniek id,Binnen portaal uniek id vooreen testresultaat,string,"Denk bij uitgifte aan pseudonimisering, om het koppelen tussen verschillende uitgiften te voorkomen.",Koppelen van entiteiten,Koppelen van entiteiten,Koppelen van entiteiten,Koppelen van entiteiten,Koppelen van entiteiten,
testResult,messageId,Bericht ID,Id van de melding,string,,Interpretatie epicurve,Opvolging,Lokaal verloop,Tijdigheid,Interpretatie epicurve,
testResult,organisation,?,,\App\Models\Versions\Organisation\OrganisationV1,,Interpretatie epicurve,Opvolging,Lokaal verloop,Tijdigheid,Interpretatie epicurve,
testResult,person,Persoon,Persoon waarbij de test is uitgevoerd,\App\Models\Versions\Person\PersonV1,,Interpretatie epicurve,Opvolging,Lokaal verloop,Tijdigheid,Interpretatie epicurve,
testResult,raw,Ruwe testgegevens,Gestructureerd dataveld van type testResultRaw,\App\Models\Versions\TestResultRaw\TestResultRawV1,,Relatie,Relatie,Relatie,Relatie,Relatie,
testResult,type,Type test,,\MinVWS\DBCO\Enum\Models\TestResultType,,Interpretatie epicurve,Opvolging,Lokaal verloop,Tijdigheid,Interpretatie epicurve,
testResult,source,Afzender van de test,Systeem dat de testgegevens heeft ingestuurd,\MinVWS\DBCO\Enum\Models\TestResultSource,,Interpretatie epicurve,Opvolging,Lokaal verloop,Tijdigheid,Interpretatie epicurve,
testResult,sourceId,Uniek id van de afzender,Uniek id van het Systeem dat de testgegevens heeft ingestuurd,string,,Interpretatie epicurve,Opvolging,Lokaal verloop,Tijdigheid,Interpretatie epicurve,
testResult,monsterNumber,Monsternummer,Monsternummer van het materiaal waarop de test is uitgevoerd,string,,Interpretatie epicurve,Opvolging,Lokaal verloop,Tijdigheid,Interpretatie epicurve,
testResult,dateOfTest,Datum test,Datum waarop de test is uitgevoerd,\DateTimeInterface,,Interpretatie epicurve,Opvolging,Lokaal verloop,Tijdigheid,Interpretatie epicurve,
testResult,dateOfSymptomOnset,Eerste ziektedag,"Eerste ziektedag, volgens de index bij het maken van de testafspraak.",\DateTimeInterface,,Interpretatie epicurve,Opvolging,Lokaal verloop,Tijdigheid,Interpretatie epicurve,
testResult,general,Algemene testgegevens,Gestructureerd dataveld van type testResult.general,\App\Models\Versions\TestResult\General\GeneralV1,,Relatie,Relatie,Relatie,Relatie,Relatie,
testResult,receivedAt,Datum ontvangst,,\DateTimeInterface,,Interpretatie epicurve,Opvolging,Lokaal verloop,Tijdigheid,Interpretatie epicurve,
testResult,createdAt,Gemaakt op,Datum/tijd waarop het testresultaat is geregistreerd in GGD Contact,\DateTimeInterface,,Interpretatie epicurve,Opvolging,Lokaal verloop,Tijdigheid,Interpretatie epicurve,
testResult,updatedAt,Datum laatste wijziging,,\DateTimeInterface,,Interpretatie epicurve,Opvolging,Lokaal verloop,Tijdigheid,Interpretatie epicurve,
testResult,typeOfTest,Type test,Type test zoals in de melding is meegegeven,\MinVWS\DBCO\Enum\Models\TestResultTypeOfTest,,Interpretatie epicurve,Opvolging,Lokaal verloop,Tijdigheid,Interpretatie epicurve,
testResult,customTypeOfTest,,,string,,Interpretatie epicurve,Opvolging,Lokaal verloop,Tijdigheid,Interpretatie epicurve,
testResult,dateOfResult,,,\DateTimeInterface,,Interpretatie epicurve,Opvolging,Lokaal verloop,Tijdigheid,Interpretatie epicurve,
testResult,sampleLocation,,,string,,Interpretatie epicurve,Opvolging,Lokaal verloop,Tijdigheid,Interpretatie epicurve,
testResult,result,,,\MinVWS\DBCO\Enum\Models\TestResultResult,,Interpretatie epicurve,Opvolging,Lokaal verloop,Tijdigheid,Interpretatie epicurve,
testResultRaw,schemaVersion,Versie,Versienummer van de entiteit,int,,Versiebeheer,Versiebeheer,Versiebeheer,Versiebeheer,Versiebeheer,
testResultRaw,data,Ruwe testdata,,string,,,,,,,
event,schemaVersion,Versie,Versienummer van de entiteit,int,,Versiebeheer,Versiebeheer,Versiebeheer,Versiebeheer,Versiebeheer,
event,uuid,Uniek id,Binnen portaal uniek id voor een gelogde gebeurtenis,string,"Denk bij uitgifte aan pseudonimisering, om het koppelen tussen verschillende uitgiften te voorkomen.",Koppelen van entiteiten,Koppelen van entiteiten,Koppelen van entiteiten,Koppelen van entiteiten,Koppelen van entiteiten,
event,pseudoId,,,string,,Koppelen van entiteiten,Koppelen van entiteiten,Koppelen van entiteiten,Koppelen van entiteiten,Koppelen van entiteiten,
event,pseudoCaseId,,,string,,Koppelen van entiteiten,Koppelen van entiteiten,Koppelen van entiteiten,Koppelen van entiteiten,Koppelen van entiteiten,
event,pseudoTaskId,,,string,,Koppelen van entiteiten,Koppelen van entiteiten,Koppelen van entiteiten,Koppelen van entiteiten,Koppelen van entiteiten,
event,organisation,,,\App\Models\Versions\Organisation\OrganisationV1,,Doorlooptijd,Doorlooptijd,Doorlooptijd,Doorlooptijd,Doorlooptijd,
event,type,,,string,,Doorlooptijd,Doorlooptijd,Doorlooptijd,Doorlooptijd,Doorlooptijd,
event,data,,,string,,Doorlooptijd,Doorlooptijd,Doorlooptijd,Doorlooptijd,Doorlooptijd,
event,exportData,,,string,,Doorlooptijd,Doorlooptijd,Doorlooptijd,Doorlooptijd,Doorlooptijd,
event,exportUuid,,,string,,Doorlooptijd,Doorlooptijd,Doorlooptijd,Doorlooptijd,Doorlooptijd,
event,createdAt,,,\DateTimeInterface,,Doorlooptijd,Doorlooptijd,Doorlooptijd,Doorlooptijd,Doorlooptijd,
person.contactData,schemaVersion,Versie,Versienummer van de entiteit,int,,Versiebeheer,Versiebeheer,Versiebeheer,Versiebeheer,Versiebeheer,
person.contactData,phone,Telefoon,Telefoonnummer van de persoon,string,Herleidbaar naar een persoon,,Opvolging,,,,
person.contactData,email,Email,Emailadres van de persoon,string,Herleidbaar naar een persoon,,Opvolging,,,,
person.nameAndAddress,schemaVersion,Versie,Versienummer van de entiteit,int,,Versiebeheer,Versiebeheer,Versiebeheer,Versiebeheer,Versiebeheer,
person.nameAndAddress,firstname,Voornaam,,string,Herleidbaar naar een persoon,,Opvolging,,,,
person.nameAndAddress,lastname,Achternaam,,string,Herleidbaar naar een persoon,,Opvolging,,,,
person.nameAndAddress,dateOfBirth,Geboortedatum,,\DateTimeInterface,Herleidbaar naar een persoon. Aggregeer in leeftijd of cohorten.,Leeftijdsgroepen,Opvolging,Leeftijdsgroepen,,Leeftijdsgroepen,
person.nameAndAddress,gender,Geslacht,Geslacht van de persoon (bij geboorte),\MinVWS\DBCO\Enum\Models\Gender,,Doelgroepen,Volledigheid,,,Doelgroepen,
person.nameAndAddress,address,Adres,,\App\Models\Versions\CovidCase\IndexAddress\IndexAddressV1,,Relatie,Relatie,Relatie,Relatie,Relatie,
person.nameAndAddress,hasNoBsnOrAddress,Geen BSN of adres,Voor de persoon is geen BSN of adres bekend,bool,,,Opvolging,,,,
person.nameAndAddress,bsnCensored,Laatste 3 cijfers BSN,Afgeschermd BSN (alleen laatste drie cijfers),string,,,Opvolging,,,,
person.nameAndAddress,bsnLetters,?,,string,,,Opvolging,,,,
person.nameAndAddress,bsnNotes,?,,string,,,Opvolging,,,,
shared.address,schemaVersion,Versie,Versienummer van de entiteit,int,,Versiebeheer,Versiebeheer,Versiebeheer,Versiebeheer,Versiebeheer,
shared.address,postalCode,Postcode,,string,Let op aggregatieniveau. Gebruik bij voorkeur PC3 of PC4 als dat voldoende is voor het doel.,,Opvolging,,,,
shared.address,houseNumber,Huisnummer,,string,,,Opvolging,,,,
shared.address,houseNumberSuffix,Huisnummer toevoeging,,string,,,Opvolging,,,,
shared.address,street,Straat,,string,,,Opvolging,,,,
shared.address,town,Plaats,,string,,,Opvolging,,,,
shared.vaccineInjection,schemaVersion,Versie,Versienummer van de entiteit,int,,Versiebeheer,Versiebeheer,Versiebeheer,Versiebeheer,Versiebeheer,
shared.vaccineInjection,injectionDate,Vaccinatiedatum,(Gechatte) datum van de vaccinatie,\DateTimeInterface,,Transmissiepatroon,Monitoring,Impact maatregelen,Uitsplitsingen,Transmissiepatroon,
shared.vaccineInjection,isInjectionDateEstimated,Vaccinatiedatum is een schatting,Vaccinatiedatum is een schatting,bool,,Transmissiepatroon,Monitoring,Impact maatregelen,Uitsplitsingen,Transmissiepatroon,
shared.vaccineInjection,vaccineType,Merk vaccin,Merk van het gegeven vaccin,\MinVWS\DBCO\Enum\Models\Vaccine,,Transmissiepatroon,Monitoring,Impact maatregelen,Uitsplitsingen,Transmissiepatroon,
shared.vaccineInjection,otherVaccineType,Ander vaccin merk,Ander merk dan een van de beschikbare standaardwaardes,string,,Transmissiepatroon,Monitoring,Impact maatregelen,Uitsplitsingen,Transmissiepatroon,
task.alternateContact,schemaVersion,Versie,Versienummer van de entiteit,int,,Versiebeheer,Versiebeheer,Versiebeheer,Versiebeheer,Versiebeheer,
task.alternateContact,hasAlternateContact,Benader vertegenwoordiger,Moet in plaats van het contact een vertegenwoordiger worden geinformeerd?,\MinVWS\DBCO\Enum\Models\YesNoUnknown,,,,,,,byHealthAuthorities
task.alternateContact,gender,Geslacht,Geslacht van de vertegenwoordiger van het contact,\MinVWS\DBCO\Enum\Models\Gender,,,,,,,byHealthAuthorities
task.alternateContact,relationship,Relatie,Relatie van de vertegenwoordiger tot het contact,\MinVWS\DBCO\Enum\Models\Relationship,,,,,,,byHealthAuthorities
task.alternateContact,firstname,Voornaam,Voornaam van de vertegenwoordiger van het contact,string,,,,,,,byHealthAuthorities
task.alternateContact,lastname,Achternaam,Achternaam van de vertegenwoordiger van het contact,string,,,,,,,byHealthAuthorities
task.alternateContact,explanation,?,?,string,,,,,,,byHealthAuthorities
task.alternativeLanguage,schemaVersion,,,int,,,,,,,
task.alternativeLanguage,useAlternativeLanguage,,,\MinVWS\DBCO\Enum\Models\YesNoUnknown,,,,,,,byHealthAuthorities
task.alternativeLanguage,phoneLanguages,,,array<\MinVWS\DBCO\Enum\Models\Language>,,,,,,,byHealthAuthorities
task.alternativeLanguage,emailLanguage,,,\MinVWS\DBCO\Enum\Models\EmailLanguage,,,,,,,byHealthAuthorities
task.circumstances,schemaVersion,Versie,Versienummer van de entiteit,int,,Versiebeheer,Versiebeheer,Versiebeheer,Versiebeheer,Versiebeheer,
task.circumstances,wasUsingPPE,PBM gebruikt,Werden tijdens het contact persoonlijke beschemingsmiddelen gebruikt?,\MinVWS\DBCO\Enum\Models\YesNoUnknown,,Transmissiepatroon,Transmissiepatroon,Transmissiepatroon,Transmissiepatroon,Transmissiepatroon,
task.circumstances,usedPersonalProtectiveEquipment,Gebruikte PBM,Opsomming van gebruikte persoonlijke beschermingsmiddelen,array<\MinVWS\DBCO\Enum\Models\PersonalProtectiveEquipment>,,Transmissiepatroon,Transmissiepatroon,Transmissiepatroon,Transmissiepatroon,Transmissiepatroon,
task.circumstances,ppeType,Type mondneusmasker,Welk type medisch mondkapje is gebruikt?,string,,Transmissiepatroon,Transmissiepatroon,Transmissiepatroon,Transmissiepatroon,Transmissiepatroon,
task.circumstances,ppeReplaceFrequency,PBM vervangingsfrequentie,Hoe vaak en wanneer worden de persoonlijke beschermingsmiddelen gewisseld?,string,,Transmissiepatroon,Transmissiepatroon,Transmissiepatroon,Transmissiepatroon,Transmissiepatroon,
task.circumstances,ppeMedicallyCompetent,Drager PBM medisch bekwaam,Is de drager van de persoonlijke beschermingsmiddelen medisch bekwaam?,bool,,Transmissiepatroon,Transmissiepatroon,Transmissiepatroon,Transmissiepatroon,Transmissiepatroon,
task.general,schemaVersion,Versie,Versienummer van de entiteit,int,,Versiebeheer,Versiebeheer,Versiebeheer,Versiebeheer,Versiebeheer,
task.general,reference,Externe referentie,Casenummer (HPZone of BCO Portaal),string,,Koppelen van entiteiten,Koppelen van entiteiten,,,Koppelen van entiteiten,
task.general,firstname,Voornaam,Voornaam van het contact,string,,,,,,,byHealthAuthorities
task.general,lastname,Achternaam,Achternaam van het contact,string,,,,,,,byHealthAuthorities
task.general,email,E-mailadres,E-mailadres van het contact of diens vertegenwoordiger,string,,,,,,,byHealthAuthorities
task.general,phone,Telefoonnummer,Telefoonnummer van het contact of diens vertegenwoordiger,string,,,,,,,byHealthAuthorities
task.general,deletedAt,Verwijderd op,Datum/tijd waarop het contact is verwijderd,\DateTimeInterface,,,,,,,byHealthAuthorities
task.general,dateOfLastExposure,Datum laatste contact,Datum van laatste contact tussen deze persoon en de index,\DateTimeInterface,,Transmissiepatroon,Transmissiepatroon,Transmissiepatroon,Transmissiepatroon,Transmissiepatroon,
task.general,category,Categorie,"Soort contact, conform LCI/RIVM richtlijnen",\MinVWS\DBCO\Enum\Models\ContactCategory,,Transmissiepatroon,Transmissiepatroon,Transmissiepatroon,Transmissiepatroon,Transmissiepatroon,
task.general,isSource,Is bron,Is dit contact een een waarschijnlijke bron?,bool,,Transmissiepatroon,Transmissiepatroon,Transmissiepatroon,Transmissiepatroon,Transmissiepatroon,
task.general,label,Label,Tijdelijke placeholder/naam gebruikt tijdens contactinventarisatie,string,Alleen intern in GGD Contact voor routering,,,,,,byHealthAuthorities
task.general,context,Notitie,Tijdelijke notitie gebruikt tijdens contactinventarisatie,string,,,,,,,byHealthAuthorities
task.general,relationship,Relatie tot index,Relatatie van het contact tot de index,\MinVWS\DBCO\Enum\Models\Relationship,,Transmissiepatroon,Transmissiepatroon,Transmissiepatroon,Transmissiepatroon,Transmissiepatroon,
task.general,otherRelationship,"Anders, namelijk",Andere relatie tussen contact en index dan de beschikbare standaardwaardes,string,,Transmissiepatroon,Transmissiepatroon,Transmissiepatroon,Transmissiepatroon,Transmissiepatroon,
task.general,closeContactDuringQuarantine,Geen afstand tijdens quarantaine,Afstand houden tot index is niet mogelijk tijdens quarantaine,bool,,Transmissiepatroon,Transmissiepatroon,Transmissiepatroon,Transmissiepatroon,Transmissiepatroon,
task.general,nature,Aard van het contact,Toelichting op het risico dat contact heeft gelopen tijdens ontmoeting met de index,string,,Transmissiepatroon,Transmissiepatroon,Transmissiepatroon,Transmissiepatroon,Transmissiepatroon,
task.general,remarks,Opmerkingen,Opmerkingen en bijzonderheden over het contactgesprek,string,,,,,,,byHealthAuthorities
task.immunity,schemaVersion,Versie,Versienummer van de entiteit,int,,Versiebeheer,Versiebeheer,Versiebeheer,Versiebeheer,Versiebeheer,
task.immunity,isImmune,Immuniteit,Is het contact immuun / beschermd,\MinVWS\DBCO\Enum\Models\YesNoUnknown,Medisch gegeven,,,,Uitsplitsingen,,
task.immunity,remarks,Toelichting Immuniteit,Toelichting status immuniteit,string,Medisch gegeven,,,,Uitsplitsingen,,
task.inform,schemaVersion,Versie,Versienummer van de entiteit,int,,Versiebeheer,Versiebeheer,Versiebeheer,Versiebeheer,Versiebeheer,
task.inform,status,Status,Status van het informeren van dit contact,\MinVWS\DBCO\Enum\Models\InformStatus,,,Opvolging,,,,
task.inform,informedBy,Informeren door,Wie informeert dit contact,\MinVWS\DBCO\Enum\Models\InformedBy,,,Opvolging,,,,
task.inform,shareIndexNameWithContact,Naam index delen met contact,Mag de naam van de index met het contact gedeeld worden?,bool,,,Opvolging,,,,
task.inform,informTarget,Te informeren,Wie moet geinformeerd worden? (contact of een vertegenwoordiger),\MinVWS\DBCO\Enum\Models\InformTarget,,,Opvolging,,,,
task.inform,otherAdvice,Overig advies,Ander gegeven adviezen aan contact,string,,,Opvolging,,,,
task.inform,advices,Adviezen Contact,Adviezen die gegeven zijn aan Contact,array<\MinVWS\DBCO\Enum\Models\TaskAdvice>,,,Opvolging,,,,
task.inform,testAdvice,Testadvies contact,Testadvies wat gegeven is aan contact,string,,,Opvolging,,,,
task.inform,quarantineAdvice,Quarantaine advies contact,Quarantaineadvies wat gegeven is aan contact,string,,,Opvolging,,,,
task.inform,advices,Adviezen Contact,Adviezen die gegeven zijn aan Contact,array<\MinVWS\DBCO\Enum\Models\TaskAdvice>,,,Opvolging,,,,
task.inform,vulnerableGroupsAdvice,,,string,,,Opvolging,,,,
task.job,schemaVersion,Versie,Versienummer van de entiteit,int,,Versiebeheer,Versiebeheer,Versiebeheer,Versiebeheer,Versiebeheer,
task.job,worksInAviation,Werkt in luchtvaart,Is de index werkzaam in de luchtvaart?,\MinVWS\DBCO\Enum\Models\YesNoUnknown,,Transmissiepatroon,Transmissiepatroon,Transmissiepatroon,Transmissiepatroon,Transmissiepatroon,
task.job,worksInHealthCare,Werkt in zorg,Is de index werkzaam in de zorg?,\MinVWS\DBCO\Enum\Models\YesNoUnknown,,Transmissiepatroon,Transmissiepatroon,Transmissiepatroon,Transmissiepatroon,Transmissiepatroon,
task.job,healthCareFunction,Zorgberoep,Wat is het zorgberoep van de index?,string,,Transmissiepatroon,Transmissiepatroon,Transmissiepatroon,Transmissiepatroon,Transmissiepatroon,
task.personalDetails,schemaVersion,Versie,Versienummer van de entiteit,int,,Versiebeheer,Versiebeheer,Versiebeheer,Versiebeheer,Versiebeheer,
task.personalDetails,dateOfBirth,Geboortedatum,Geboortedatum van het contact,\DateTimeInterface,Herleidbaarheid,Transmissiepatroon,Transmissiepatroon,Transmissiepatroon,Transmissiepatroon,Transmissiepatroon,
task.personalDetails,gender,Geslacht,,\MinVWS\DBCO\Enum\Models\Gender,,Transmissiepatroon,Transmissiepatroon,Transmissiepatroon,Transmissiepatroon,Transmissiepatroon,
task.personalDetails,address,Ingeschreven op adres,Gestructureerd dataveld van het type shared.address,\App\Models\Versions\Task\TaskAddress\TaskAddressV1,,Relatie,Relatie,Relatie,Relatie,Relatie,
task.personalDetails,bsnCensored,Laatste drie cijfers BSN,"Laatste drie cijfers van het BSN van het contact, te gebruiken voor verificatie van de identiteit van het contact",string,,,Volledigheid,Lokaal verloop,,,
task.personalDetails,bsnLetters,Initialen,Eerste letter voornaam en eerste letter achternaam van het contact zoals ontvangen van SVB-Z,string,,,Volledigheid,Lokaal verloop,,,
task.personalDetails,bsnNotes,Identificatie notities,Notities voor geval contact geen BSN heeft,string,,,Volledigheid,Lokaal verloop,,,
task.personalDetails,hasNoBsnOrAddress,Geen BSN of adres,Persoon heeft geen BSN of adres,bool,,,Volledigheid,Lokaal verloop,,,
task.symptoms,schemaVersion,Versie,Versienummer van de entiteit,int,,Versiebeheer,Versiebeheer,Versiebeheer,Versiebeheer,Versiebeheer,
task.symptoms,hasSymptoms,Heeft symptomen,Heeft het contact klachten die passen bij COVID-19?,\MinVWS\DBCO\Enum\Models\YesNoUnknown,Medisch gegeven,Transmissiepatroon,Transmissiepatroon,Transmissiepatroon,Transmissiepatroon,Transmissiepatroon,
task.symptoms,symptoms,Symptomen,Lijst met klachten die het contact heeft,array<\MinVWS\DBCO\Enum\Models\Symptom>,Medisch gegeven,Transmissiepatroon,Transmissiepatroon,Transmissiepatroon,Transmissiepatroon,Transmissiepatroon,
task.symptoms,otherSymptoms,"Anders, namelijk",Ander symptoom dan de toegestane standaardwaardes,array<string>,Medisch gegeven,Transmissiepatroon,Transmissiepatroon,Transmissiepatroon,Transmissiepatroon,Transmissiepatroon,
task.symptoms,dateOfSymptomOnset,Eerste ziektedag (EZD),Datum waarop COVID-19 symptomen begonnen,\DateTimeInterface,Medisch gegeven,Transmissiepatroon,Transmissiepatroon,Transmissiepatroon,Transmissiepatroon,Transmissiepatroon,
task.taskAddress,schemaVersion,Versie,Versienummer van de entiteit,int,,Versiebeheer,Versiebeheer,Versiebeheer,Versiebeheer,Versiebeheer,
task.taskAddress,postalCode,Postcode,Postcode van het adres waarop het contact staat ingeschreven,string,Let op aggregatieniveau. Gebruik bij voorkeur PC3 of PC4 als dat voldoende is voor het doel.,Transmissiepatroon,,Lokaal verloop,Uitsplitsingen,Transmissiepatroon,
task.taskAddress,houseNumber,Huisnummer,Huisnummer van het adres waarop het contact staat ingeschreven,string,,,,,,,byHealthAuthorities
task.taskAddress,houseNumberSuffix,Huisnummer toevoeging,Huisnummer toevoeging van het adres waarop het contact staat ingeschreven,string,,,,,,,byHealthAuthorities
task.taskAddress,street,Straat,Straat van het adres waarop het contact staat ingeschreven,string,,,,,,,byHealthAuthorities
task.taskAddress,town,Plaats,Plaatsnaam van het adres waarop het contact staat ingeschreven,string,,Transmissiepatroon,,,,Transmissiepatroon,
task.test,schemaVersion,Versie,Versienummer van de entiteit,int,,Versiebeheer,Versiebeheer,Versiebeheer,Versiebeheer,Versiebeheer,
task.test,isTested,Is getest,Dit contact heeft naar aanleiding van de ontmoeting met de index een coronatest gedaan,\MinVWS\DBCO\Enum\Models\YesNoUnknown,,Transmissiepatroon,Transmissiepatroon,Transmissiepatroon,Transmissiepatroon,Transmissiepatroon,
task.test,testResult,Uitslag test,Wat was de uitslag van deze coronatest?,\MinVWS\DBCO\Enum\Models\TestResult,,Transmissiepatroon,Transmissiepatroon,Transmissiepatroon,Transmissiepatroon,Transmissiepatroon,
task.test,dateOfTest,Testdatum,Testdatum,\DateTimeInterface,,Transmissiepatroon,Transmissiepatroon,Transmissiepatroon,Transmissiepatroon,Transmissiepatroon,
task.test,isReinfection,Was eerder besmet,Dit contact is eerder besmet geweest,\MinVWS\DBCO\Enum\Models\YesNoUnknown,,Transmissiepatroon,Transmissiepatroon,Transmissiepatroon,Transmissiepatroon,Transmissiepatroon,
task.test,previousInfectionDateOfSymptom,EZD eerdere besmetting,(Geschatte) eerste ziektedag vorige besmetting (testdatum als contact asymptomatisch was),\DateTimeInterface,,Transmissiepatroon,Transmissiepatroon,Transmissiepatroon,Transmissiepatroon,Transmissiepatroon,
task.test,previousInfectionReported,Eerdere besmetting gemeld,Is de eerdere besmetting destijds bij de GGD gemeld?,\MinVWS\DBCO\Enum\Models\YesNoUnknown,,Transmissiepatroon,Transmissiepatroon,Transmissiepatroon,Transmissiepatroon,Transmissiepatroon,
task.test,previousInfectionHpzoneNumber,HPZone-nummer eerdere besmetting,HPZone-nummer vorige besmetting,string,,Transmissiepatroon,Transmissiepatroon,Transmissiepatroon,Transmissiepatroon,Transmissiepatroon,
task.vaccination,schemaVersion,Versie,Versienummer van de entiteit,int,,Versiebeheer,Versiebeheer,Versiebeheer,Versiebeheer,Versiebeheer,
task.vaccination,isVaccinated,Is gevaccineerd,Is dit contact gevaccineerd?,\MinVWS\DBCO\Enum\Models\YesNoUnknown,Medisch gegeven,Transmissiepatroon,Monitoring,Impact maatregelen,Uitsplitsingen,Transmissiepatroon,
task.vaccination,hasCompletedVaccinationSeries,Vaccinatiereeks voltooid,Heeft het contact de vaccinatiereeks voltooid?,bool,Medisch gegeven,Transmissiepatroon,Monitoring,Impact maatregelen,Uitsplitsingen,Transmissiepatroon,
task.vaccination,vaccineInjections,Vaccinaties,Repeatable van type shared.vaccineInjection,array<\App\Models\Versions\Shared\VaccineInjection\VaccineInjectionV1>,Medisch gegeven,Transmissiepatroon,Monitoring,Impact maatregelen,Uitsplitsingen,Transmissiepatroon,
task.vaccination,vaccineInjections,Vaccinaties,Repeatable van type shared.vaccineInjection,array<\App\Models\Versions\Shared\VaccineInjection\VaccineInjectionV1>,Medisch gegeven,Transmissiepatroon,Monitoring,Impact maatregelen,Uitsplitsingen,Transmissiepatroon,
task.vaccination,vaccinationCount,,,int,Medisch gegeven,Transmissiepatroon,Monitoring,Impact maatregelen,Uitsplitsingen,Transmissiepatroon,
testResult.general,schemaVersion,Versie,Versienummer van de entiteit,int,,Versiebeheer,Versiebeheer,Versiebeheer,Versiebeheer,Versiebeheer,
testResult.general,testLocation,Testlocatie,Locatie waar de test is afgenomen,string,,Interpretatie epicurve,Opvolging,,Personeel,Interpretatie epicurve,
testResult.general,testLocationCategory,Categorie testlocatie,Categorisering van de locatie waar de test is afgenomen,string,,Interpretatie epicurve,Opvolging,,Personeel,Interpretatie epicurve,
